Apache Maven 3.9.12 (848fbb4bf2d427b72bdb2471c22fced7ebd9a7a1)
Maven home: C:\Users\USER\.m2\wrapper\dists\apache-maven-3.9.12\59fe215c0ad6947fea90184bf7add084544567b927287592651fda3782e0e798
Java version: 23, vendor: Oracle Corporation, runtime: C:\Program Files\Java\jdk-23
Default locale: en_IN, platform encoding: UTF-8
OS name: "windows 11", version: "10.0", arch: "amd64", family: "windows"
[DEBUG] Created new class realm maven.api
[DEBUG] Importing foreign packages into class realm maven.api
[DEBUG]   Imported: javax.annotation.* < plexus.core
[DEBUG]   Imported: javax.annotation.security.* < plexus.core
[DEBUG]   Imported: javax.inject.* < plexus.core
[DEBUG]   Imported: org.apache.maven.* < plexus.core
[DEBUG]   Imported: org.apache.maven.artifact < plexus.core
[DEBUG]   Imported: org.apache.maven.classrealm < plexus.core
[DEBUG]   Imported: org.apache.maven.cli < plexus.core
[DEBUG]   Imported: org.apache.maven.configuration < plexus.core
[DEBUG]   Imported: org.apache.maven.exception < plexus.core
[DEBUG]   Imported: org.apache.maven.execution < plexus.core
[DEBUG]   Imported: org.apache.maven.execution.scope < plexus.core
[DEBUG]   Imported: org.apache.maven.graph < plexus.core
[DEBUG]   Imported: org.apache.maven.lifecycle < plexus.core
[DEBUG]   Imported: org.apache.maven.model < plexus.core
[DEBUG]   Imported: org.apache.maven.monitor < plexus.core
[DEBUG]   Imported: org.apache.maven.plugin < plexus.core
[DEBUG]   Imported: org.apache.maven.profiles < plexus.core
[DEBUG]   Imported: org.apache.maven.project < plexus.core
[DEBUG]   Imported: org.apache.maven.reporting < plexus.core
[DEBUG]   Imported: org.apache.maven.repository < plexus.core
[DEBUG]   Imported: org.apache.maven.rtinfo < plexus.core
[DEBUG]   Imported: org.apache.maven.settings < plexus.core
[DEBUG]   Imported: org.apache.maven.toolchain < plexus.core
[DEBUG]   Imported: org.apache.maven.usability < plexus.core
[DEBUG]   Imported: org.apache.maven.wagon.* < plexus.core
[DEBUG]   Imported: org.apache.maven.wagon.authentication < plexus.core
[DEBUG]   Imported: org.apache.maven.wagon.authorization < plexus.core
[DEBUG]   Imported: org.apache.maven.wagon.events < plexus.core
[DEBUG]   Imported: org.apache.maven.wagon.observers < plexus.core
[DEBUG]   Imported: org.apache.maven.wagon.proxy < plexus.core
[DEBUG]   Imported: org.apache.maven.wagon.repository < plexus.core
[DEBUG]   Imported: org.apache.maven.wagon.resource < plexus.core
[DEBUG]   Imported: org.codehaus.classworlds < plexus.core
[DEBUG]   Imported: org.codehaus.plexus.* < plexus.core
[DEBUG]   Imported: org.codehaus.plexus.classworlds < plexus.core
[DEBUG]   Imported: org.codehaus.plexus.component < plexus.core
[DEBUG]   Imported: org.codehaus.plexus.configuration < plexus.core
[DEBUG]   Imported: org.codehaus.plexus.container < plexus.core
[DEBUG]   Imported: org.codehaus.plexus.context < plexus.core
[DEBUG]   Imported: org.codehaus.plexus.lifecycle < plexus.core
[DEBUG]   Imported: org.codehaus.plexus.logging < plexus.core
[DEBUG]   Imported: org.codehaus.plexus.personality < plexus.core
[DEBUG]   Imported: org.codehaus.plexus.util.xml.Xpp3Dom < plexus.core
[DEBUG]   Imported: org.codehaus.plexus.util.xml.pull.XmlPullParser < plexus.core
[DEBUG]   Imported: org.codehaus.plexus.util.xml.pull.XmlPullParserException < plexus.core
[DEBUG]   Imported: org.codehaus.plexus.util.xml.pull.XmlSerializer < plexus.core
[DEBUG]   Imported: org.eclipse.aether.* < plexus.core
[DEBUG]   Imported: org.eclipse.aether.artifact < plexus.core
[DEBUG]   Imported: org.eclipse.aether.collection < plexus.core
[DEBUG]   Imported: org.eclipse.aether.deployment < plexus.core
[DEBUG]   Imported: org.eclipse.aether.graph < plexus.core
[DEBUG]   Imported: org.eclipse.aether.impl < plexus.core
[DEBUG]   Imported: org.eclipse.aether.installation < plexus.core
[DEBUG]   Imported: org.eclipse.aether.internal.impl < plexus.core
[DEBUG]   Imported: org.eclipse.aether.metadata < plexus.core
[DEBUG]   Imported: org.eclipse.aether.repository < plexus.core
[DEBUG]   Imported: org.eclipse.aether.resolution < plexus.core
[DEBUG]   Imported: org.eclipse.aether.spi < plexus.core
[DEBUG]   Imported: org.eclipse.aether.transfer < plexus.core
[DEBUG]   Imported: org.eclipse.aether.util < plexus.core
[DEBUG]   Imported: org.eclipse.aether.version < plexus.core
[DEBUG]   Imported: org.fusesource.jansi.* < plexus.core
[DEBUG]   Imported: org.slf4j.* < plexus.core
[DEBUG]   Imported: org.slf4j.event.* < plexus.core
[DEBUG]   Imported: org.slf4j.helpers.* < plexus.core
[DEBUG]   Imported: org.slf4j.spi.* < plexus.core
[DEBUG] Populating class realm maven.api
[DEBUG] Created adapter factory; available factories [file-lock, rwlock-local, semaphore-local, noop]; available name mappers [discriminating, file-gaecv, file-gav, file-hgaecv, file-hgav, file-static, gaecv, gav, static]
[INFO] Error stacktraces are turned on.
[DEBUG] Message scheme: color
[DEBUG] Message styles: debug info warning error success failure strong mojo project
[DEBUG] Reading global settings from C:\Users\USER\.m2\wrapper\dists\apache-maven-3.9.12\59fe215c0ad6947fea90184bf7add084544567b927287592651fda3782e0e798\conf\settings.xml
[DEBUG] Reading user settings from C:\Users\USER\.m2\settings.xml
[DEBUG] Reading global toolchains from C:\Users\USER\.m2\wrapper\dists\apache-maven-3.9.12\59fe215c0ad6947fea90184bf7add084544567b927287592651fda3782e0e798\conf\toolchains.xml
[DEBUG] Reading user toolchains from C:\Users\USER\.m2\toolchains.xml
[DEBUG] Using local repository at C:\Users\USER\.m2\repository
[DEBUG] Using manager EnhancedLocalRepositoryManager with priority 10.0 for C:\Users\USER\.m2\repository
[INFO] Scanning for projects...
[DEBUG] Creating adapter using nameMapper 'gaecv' and factory 'rwlock-local'
[DEBUG] Could not find metadata org.springframework.boot:spring-boot-starter-parent:3.5.12-SNAPSHOT/maven-metadata.xml in local (C:\Users\USER\.m2\repository)
[DEBUG] Skipped remote request for org.springframework.boot:spring-boot-starter-parent:3.5.12-SNAPSHOT/maven-metadata.xml, locally cached metadata up-to-date
[DEBUG] Could not find metadata org.springframework.boot:spring-boot-dependencies:3.5.12-SNAPSHOT/maven-metadata.xml in local (C:\Users\USER\.m2\repository)
[DEBUG] Skipped remote request for org.springframework.boot:spring-boot-dependencies:3.5.12-SNAPSHOT/maven-metadata.xml, locally cached metadata up-to-date
[DEBUG] Extension realms for project com.example:Alisam_Codes:jar:0.0.1-SNAPSHOT: (none)
[DEBUG] Looking up lifecycle mappings for packaging jar from ClassRealm[plexus.core, parent: null]
[DEBUG] Could not find metadata org.springframework.batch:spring-batch-bom:5.2.5-SNAPSHOT/maven-metadata.xml in local (C:\Users\USER\.m2\repository)
[DEBUG] Skipped remote request for org.springframework.batch:spring-batch-bom:5.2.5-SNAPSHOT/maven-metadata.xml, locally cached metadata up-to-date
[DEBUG] Could not find metadata org.springframework.data:spring-data-bom:2025.0.10-SNAPSHOT/maven-metadata.xml in local (C:\Users\USER\.m2\repository)
[DEBUG] Skipped remote request for org.springframework.data:spring-data-bom:2025.0.10-SNAPSHOT/maven-metadata.xml, locally cached metadata up-to-date
[DEBUG] Could not find metadata org.springframework:spring-framework-bom:6.2.17-SNAPSHOT/maven-metadata.xml in local (C:\Users\USER\.m2\repository)
[DEBUG] Skipped remote request for org.springframework:spring-framework-bom:6.2.17-SNAPSHOT/maven-metadata.xml, locally cached metadata up-to-date
[DEBUG] Could not find metadata org.springframework.pulsar:spring-pulsar-bom:1.2.16-SNAPSHOT/maven-metadata.xml in local (C:\Users\USER\.m2\repository)
[DEBUG] Skipped remote request for org.springframework.pulsar:spring-pulsar-bom:1.2.16-SNAPSHOT/maven-metadata.xml, locally cached metadata up-to-date
[DEBUG] Could not find metadata org.springframework.security:spring-security-bom:6.5.9-SNAPSHOT/maven-metadata.xml in local (C:\Users\USER\.m2\repository)
[DEBUG] Skipped remote request for org.springframework.security:spring-security-bom:6.5.9-SNAPSHOT/maven-metadata.xml, locally cached metadata up-to-date
[DEBUG] Could not find metadata org.springframework.ws:spring-ws-bom:4.1.3-SNAPSHOT/maven-metadata.xml in local (C:\Users\USER\.m2\repository)
[DEBUG] Skipped remote request for org.springframework.ws:spring-ws-bom:4.1.3-SNAPSHOT/maven-metadata.xml, locally cached metadata up-to-date
[DEBUG] Extension realms for project org.springframework.boot:spring-boot-starter-parent:pom:3.5.12-SNAPSHOT: (none)
[DEBUG] Looking up lifecycle mappings for packaging pom from ClassRealm[plexus.core, parent: null]
[DEBUG] Could not find metadata org.springframework.boot:spring-boot-dependencies:3.5.12-SNAPSHOT/maven-metadata.xml in local (C:\Users\USER\.m2\repository)
[DEBUG] Skipped remote request for org.springframework.boot:spring-boot-dependencies:3.5.12-SNAPSHOT/maven-metadata.xml, locally cached metadata up-to-date
[DEBUG] Extension realms for project org.springframework.boot:spring-boot-dependencies:pom:3.5.12-SNAPSHOT: (none)
[DEBUG] Looking up lifecycle mappings for packaging pom from ClassRealm[plexus.core, parent: null]
[DEBUG] === REACTOR BUILD PLAN ================================================
[DEBUG] Project: com.example:Alisam_Codes:jar:0.0.1-SNAPSHOT
[DEBUG] Tasks:   [compile]
[DEBUG] Style:   Regular
[DEBUG] =======================================================================
[INFO] 
[INFO] ----------------------< com.example:Alisam_Codes >----------------------
[INFO] Building Alisam_Codes 0.0.1-SNAPSHOT
[INFO]   from pom.xml
[INFO] --------------------------------[ jar ]---------------------------------
[DEBUG] Lifecycle clean -> [pre-clean, clean, post-clean]
[DEBUG] Lifecycle default -> [validate, initialize, generate-sources, process-sources, generate-resources, process-resources, compile, process-classes, generate-test-sources, process-test-sources, generate-test-resources, process-test-resources, test-compile, process-test-classes, test, prepare-package, package, pre-integration-test, integration-test, post-integration-test, verify, install, deploy]
[DEBUG] Lifecycle site -> [pre-site, site, post-site, site-deploy]
[DEBUG] Could not find metadata org.springframework.boot:spring-boot-maven-plugin:3.5.12-SNAPSHOT/maven-metadata.xml in local (C:\Users\USER\.m2\repository)
[DEBUG] Skipped remote request for org.springframework.boot:spring-boot-maven-plugin:3.5.12-SNAPSHOT/maven-metadata.xml, locally cached metadata up-to-date
[DEBUG] Could not find metadata org.springframework.boot:spring-boot-maven-plugin:3.5.12-SNAPSHOT/maven-metadata.xml in local (C:\Users\USER\.m2\repository)
[DEBUG] Skipped remote request for org.springframework.boot:spring-boot-maven-plugin:3.5.12-SNAPSHOT/maven-metadata.xml, locally cached metadata up-to-date
[DEBUG] Lifecycle clean -> [pre-clean, clean, post-clean]
[DEBUG] Lifecycle default -> [validate, initialize, generate-sources, process-sources, generate-resources, process-resources, compile, process-classes, generate-test-sources, process-test-sources, generate-test-resources, process-test-resources, test-compile, process-test-classes, test, prepare-package, package, pre-integration-test, integration-test, post-integration-test, verify, install, deploy]
[DEBUG] Lifecycle site -> [pre-site, site, post-site, site-deploy]
[DEBUG] Lifecycle clean -> [pre-clean, clean, post-clean]
[DEBUG] Lifecycle default -> [validate, initialize, generate-sources, process-sources, generate-resources, process-resources, compile, process-classes, generate-test-sources, process-test-sources, generate-test-resources, process-test-resources, test-compile, process-test-classes, test, prepare-package, package, pre-integration-test, integration-test, post-integration-test, verify, install, deploy]
[DEBUG] Lifecycle site -> [pre-site, site, post-site, site-deploy]
[DEBUG] === PROJECT BUILD PLAN ================================================
[DEBUG] Project:       com.example:Alisam_Codes:0.0.1-SNAPSHOT
[DEBUG] Dependencies (collect): []
[DEBUG] Dependencies (resolve): [compile]
[DEBUG] Repositories (dependencies): [spring-snapshots (https://repo.spring.io/snapshot, default, snapshots), central (https://repo.maven.apache.org/maven2, default, releases)]
[DEBUG] Repositories (plugins)     : [spring-snapshots (https://repo.spring.io/snapshot, default, snapshots), central (https://repo.maven.apache.org/maven2, default, releases)]
[DEBUG] -----------------------------------------------------------------------
[DEBUG] Goal:          org.apache.maven.plugins:maven-resources-plugin:3.3.1:resources (default-resources)
[DEBUG] Style:         Regular
[DEBUG] Configuration: <?xml version="1.0" encoding="UTF-8"?>
<configuration>
  <addDefaultExcludes default-value="true"/>
  <buildFilters default-value="${project.build.filters}"/>
  <delimiters>
    <delimiter>@</delimiter>
  </delimiters>
  <encoding default-value="${project.build.sourceEncoding}"/>
  <escapeWindowsPaths default-value="true"/>
  <fileNameFiltering default-value="false"/>
  <includeEmptyDirs default-value="false"/>
  <outputDirectory default-value="${project.build.outputDirectory}"/>
  <overwrite default-value="false"/>
  <project default-value="${project}"/>
  <propertiesEncoding>UTF-8</propertiesEncoding>
  <resources default-value="${project.resources}"/>
  <session default-value="${session}"/>
  <skip default-value="false">${maven.resources.skip}</skip>
  <supportMultiLineFiltering default-value="false"/>
  <useBuildFilters default-value="true"/>
  <useDefaultDelimiters default-value="true">false</useDefaultDelimiters>
</configuration>
[DEBUG] -----------------------------------------------------------------------
[DEBUG] Goal:          org.apache.maven.plugins:maven-compiler-plugin:3.14.1:compile (default-compile)
[DEBUG] Style:         Regular
[DEBUG] Configuration: <?xml version="1.0" encoding="UTF-8"?>
<configuration>
  <annotationProcessorPathsUseDepMgmt default-value="false"/>
  <basedir default-value="${basedir}"/>
  <buildDirectory default-value="${project.build.directory}"/>
  <compilePath default-value="${project.compileClasspathElements}"/>
  <compileSourceRoots default-value="${project.compileSourceRoots}"/>
  <compilerId default-value="javac">${maven.compiler.compilerId}</compilerId>
  <compilerReuseStrategy default-value="${reuseCreated}">${maven.compiler.compilerReuseStrategy}</compilerReuseStrategy>
  <compilerVersion>${maven.compiler.compilerVersion}</compilerVersion>
  <createMissingPackageInfoClass default-value="true">${maven.compiler.createMissingPackageInfoClass}</createMissingPackageInfoClass>
  <debug default-value="true">${maven.compiler.debug}</debug>
  <debugFileName default-value="javac"/>
  <debuglevel>${maven.compiler.debuglevel}</debuglevel>
  <enablePreview default-value="false">${maven.compiler.enablePreview}</enablePreview>
  <encoding default-value="${project.build.sourceEncoding}">${encoding}</encoding>
  <executable>${maven.compiler.executable}</executable>
  <failOnError default-value="true">${maven.compiler.failOnError}</failOnError>
  <failOnWarning default-value="false">${maven.compiler.failOnWarning}</failOnWarning>
  <fileExtensions default-value="class,jar"/>
  <forceJavacCompilerUse default-value="false">${maven.compiler.forceJavacCompilerUse}</forceJavacCompilerUse>
  <forceLegacyJavacApi default-value="false">${maven.compiler.forceLegacyJavacApi}</forceLegacyJavacApi>
  <fork default-value="false">${maven.compiler.fork}</fork>
  <generatedSourcesDirectory default-value="${project.build.directory}/generated-sources/annotations"/>
  <implicit>${maven.compiler.implicit}</implicit>
  <maxmem>${maven.compiler.maxmem}</maxmem>
  <meminitial>${maven.compiler.meminitial}</meminitial>
  <moduleVersion default-value="${project.version}">${maven.compiler.moduleVersion}</moduleVersion>
  <mojoExecution default-value="${mojoExecution}"/>
  <optimize default-value="false">${maven.compiler.optimize}</optimize>
  <outputDirectory default-value="${project.build.outputDirectory}">${maven.compiler.outputDirectory}</outputDirectory>
  <outputTimestamp default-value="${project.build.outputTimestamp}"/>
  <parameters default-value="false">true</parameters>
  <proc>${maven.compiler.proc}</proc>
  <project default-value="${project}"/>
  <projectArtifact default-value="${project.artifact}"/>
  <release>${maven.compiler.release}</release>
  <session default-value="${session}"/>
  <showCompilationChanges default-value="false">${maven.compiler.showCompilationChanges}</showCompilationChanges>
  <showDeprecation default-value="false">${maven.compiler.showDeprecation}</showDeprecation>
  <showWarnings default-value="true">${maven.compiler.showWarnings}</showWarnings>
  <skipMain>${maven.main.skip}</skipMain>
  <skipMultiThreadWarning default-value="false">${maven.compiler.skipMultiThreadWarning}</skipMultiThreadWarning>
  <source default-value="1.8">${maven.compiler.source}</source>
  <staleMillis default-value="0">${lastModGranularityMs}</staleMillis>
  <target default-value="1.8">${maven.compiler.target}</target>
  <useIncrementalCompilation default-value="true">${maven.compiler.useIncrementalCompilation}</useIncrementalCompilation>
  <useModuleVersion default-value="true">${maven.compiler.useModuleVersion}</useModuleVersion>
  <verbose default-value="false">${maven.compiler.verbose}</verbose>
</configuration>
[DEBUG] =======================================================================
[DEBUG] Could not find metadata org.springframework.boot:spring-boot-starter-data-jpa:3.5.12-SNAPSHOT/maven-metadata.xml in local (C:\Users\USER\.m2\repository)
[DEBUG] Skipped remote request for org.springframework.boot:spring-boot-starter-data-jpa:3.5.12-SNAPSHOT/maven-metadata.xml, locally cached metadata up-to-date
[DEBUG] Could not find metadata org.springframework.boot:spring-boot-starter-data-jpa:3.5.12-SNAPSHOT/maven-metadata.xml in local (C:\Users\USER\.m2\repository)
[DEBUG] Skipped remote request for org.springframework.boot:spring-boot-starter-data-jpa:3.5.12-SNAPSHOT/maven-metadata.xml, locally cached metadata up-to-date
[DEBUG] Could not find metadata org.springframework.boot:spring-boot-starter:3.5.12-SNAPSHOT/maven-metadata.xml in local (C:\Users\USER\.m2\repository)
[DEBUG] Skipped remote request for org.springframework.boot:spring-boot-starter:3.5.12-SNAPSHOT/maven-metadata.xml, locally cached metadata up-to-date
[DEBUG] Could not find metadata org.springframework.boot:spring-boot-starter:3.5.12-SNAPSHOT/maven-metadata.xml in local (C:\Users\USER\.m2\repository)
[DEBUG] Skipped remote request for org.springframework.boot:spring-boot-starter:3.5.12-SNAPSHOT/maven-metadata.xml, locally cached metadata up-to-date
[DEBUG] Could not find metadata org.springframework.boot:spring-boot:3.5.12-SNAPSHOT/maven-metadata.xml in local (C:\Users\USER\.m2\repository)
[DEBUG] Skipped remote request for org.springframework.boot:spring-boot:3.5.12-SNAPSHOT/maven-metadata.xml, locally cached metadata up-to-date
[DEBUG] Could not find metadata org.springframework.boot:spring-boot:3.5.12-SNAPSHOT/maven-metadata.xml in local (C:\Users\USER\.m2\repository)
[DEBUG] Skipped remote request for org.springframework.boot:spring-boot:3.5.12-SNAPSHOT/maven-metadata.xml, locally cached metadata up-to-date
[DEBUG] Could not find metadata org.springframework:spring-core:6.2.17-SNAPSHOT/maven-metadata.xml in local (C:\Users\USER\.m2\repository)
[DEBUG] Skipped remote request for org.springframework:spring-core:6.2.17-SNAPSHOT/maven-metadata.xml, locally cached metadata up-to-date
[DEBUG] Could not find metadata org.springframework:spring-core:6.2.17-SNAPSHOT/maven-metadata.xml in local (C:\Users\USER\.m2\repository)
[DEBUG] Skipped remote request for org.springframework:spring-core:6.2.17-SNAPSHOT/maven-metadata.xml, locally cached metadata up-to-date
[DEBUG] Could not find metadata org.springframework:spring-jcl:6.2.17-SNAPSHOT/maven-metadata.xml in local (C:\Users\USER\.m2\repository)
[DEBUG] Skipped remote request for org.springframework:spring-jcl:6.2.17-SNAPSHOT/maven-metadata.xml, locally cached metadata up-to-date
[DEBUG] Could not find metadata org.springframework:spring-jcl:6.2.17-SNAPSHOT/maven-metadata.xml in local (C:\Users\USER\.m2\repository)
[DEBUG] Skipped remote request for org.springframework:spring-jcl:6.2.17-SNAPSHOT/maven-metadata.xml, locally cached metadata up-to-date
[DEBUG] Could not find metadata org.springframework:spring-context:6.2.17-SNAPSHOT/maven-metadata.xml in local (C:\Users\USER\.m2\repository)
[DEBUG] Skipped remote request for org.springframework:spring-context:6.2.17-SNAPSHOT/maven-metadata.xml, locally cached metadata up-to-date
[DEBUG] Could not find metadata org.springframework:spring-context:6.2.17-SNAPSHOT/maven-metadata.xml in local (C:\Users\USER\.m2\repository)
[DEBUG] Skipped remote request for org.springframework:spring-context:6.2.17-SNAPSHOT/maven-metadata.xml, locally cached metadata up-to-date
[DEBUG] Could not find metadata org.springframework:spring-aop:6.2.17-SNAPSHOT/maven-metadata.xml in local (C:\Users\USER\.m2\repository)
[DEBUG] Skipped remote request for org.springframework:spring-aop:6.2.17-SNAPSHOT/maven-metadata.xml, locally cached metadata up-to-date
[DEBUG] Could not find metadata org.springframework:spring-aop:6.2.17-SNAPSHOT/maven-metadata.xml in local (C:\Users\USER\.m2\repository)
[DEBUG] Skipped remote request for org.springframework:spring-aop:6.2.17-SNAPSHOT/maven-metadata.xml, locally cached metadata up-to-date
[DEBUG] Could not find metadata org.springframework:spring-beans:6.2.17-SNAPSHOT/maven-metadata.xml in local (C:\Users\USER\.m2\repository)
[DEBUG] Skipped remote request for org.springframework:spring-beans:6.2.17-SNAPSHOT/maven-metadata.xml, locally cached metadata up-to-date
[DEBUG] Could not find metadata org.springframework:spring-beans:6.2.17-SNAPSHOT/maven-metadata.xml in local (C:\Users\USER\.m2\repository)
[DEBUG] Skipped remote request for org.springframework:spring-beans:6.2.17-SNAPSHOT/maven-metadata.xml, locally cached metadata up-to-date
[DEBUG] Could not find metadata org.springframework:spring-expression:6.2.17-SNAPSHOT/maven-metadata.xml in local (C:\Users\USER\.m2\repository)
[DEBUG] Skipped remote request for org.springframework:spring-expression:6.2.17-SNAPSHOT/maven-metadata.xml, locally cached metadata up-to-date
[DEBUG] Could not find metadata org.springframework:spring-expression:6.2.17-SNAPSHOT/maven-metadata.xml in local (C:\Users\USER\.m2\repository)
[DEBUG] Skipped remote request for org.springframework:spring-expression:6.2.17-SNAPSHOT/maven-metadata.xml, locally cached metadata up-to-date
[DEBUG] Could not find metadata org.springframework.boot:spring-boot-autoconfigure:3.5.12-SNAPSHOT/maven-metadata.xml in local (C:\Users\USER\.m2\repository)
[DEBUG] Skipped remote request for org.springframework.boot:spring-boot-autoconfigure:3.5.12-SNAPSHOT/maven-metadata.xml, locally cached metadata up-to-date
[DEBUG] Could not find metadata org.springframework.boot:spring-boot-autoconfigure:3.5.12-SNAPSHOT/maven-metadata.xml in local (C:\Users\USER\.m2\repository)
[DEBUG] Skipped remote request for org.springframework.boot:spring-boot-autoconfigure:3.5.12-SNAPSHOT/maven-metadata.xml, locally cached metadata up-to-date
[DEBUG] Could not find metadata org.springframework.boot:spring-boot-starter-logging:3.5.12-SNAPSHOT/maven-metadata.xml in local (C:\Users\USER\.m2\repository)
[DEBUG] Skipped remote request for org.springframework.boot:spring-boot-starter-logging:3.5.12-SNAPSHOT/maven-metadata.xml, locally cached metadata up-to-date
[DEBUG] Could not find metadata org.springframework.boot:spring-boot-starter-logging:3.5.12-SNAPSHOT/maven-metadata.xml in local (C:\Users\USER\.m2\repository)
[DEBUG] Skipped remote request for org.springframework.boot:spring-boot-starter-logging:3.5.12-SNAPSHOT/maven-metadata.xml, locally cached metadata up-to-date
[DEBUG] Could not find metadata org.springframework.boot:spring-boot-starter-jdbc:3.5.12-SNAPSHOT/maven-metadata.xml in local (C:\Users\USER\.m2\repository)
[DEBUG] Skipped remote request for org.springframework.boot:spring-boot-starter-jdbc:3.5.12-SNAPSHOT/maven-metadata.xml, locally cached metadata up-to-date
[DEBUG] Could not find metadata org.springframework.boot:spring-boot-starter-jdbc:3.5.12-SNAPSHOT/maven-metadata.xml in local (C:\Users\USER\.m2\repository)
[DEBUG] Skipped remote request for org.springframework.boot:spring-boot-starter-jdbc:3.5.12-SNAPSHOT/maven-metadata.xml, locally cached metadata up-to-date
[DEBUG] Could not find metadata org.springframework:spring-jdbc:6.2.17-SNAPSHOT/maven-metadata.xml in local (C:\Users\USER\.m2\repository)
[DEBUG] Skipped remote request for org.springframework:spring-jdbc:6.2.17-SNAPSHOT/maven-metadata.xml, locally cached metadata up-to-date
[DEBUG] Could not find metadata org.springframework:spring-jdbc:6.2.17-SNAPSHOT/maven-metadata.xml in local (C:\Users\USER\.m2\repository)
[DEBUG] Skipped remote request for org.springframework:spring-jdbc:6.2.17-SNAPSHOT/maven-metadata.xml, locally cached metadata up-to-date
[DEBUG] Could not find metadata org.springframework:spring-tx:6.2.17-SNAPSHOT/maven-metadata.xml in local (C:\Users\USER\.m2\repository)
[DEBUG] Skipped remote request for org.springframework:spring-tx:6.2.17-SNAPSHOT/maven-metadata.xml, locally cached metadata up-to-date
[DEBUG] Could not find metadata org.springframework:spring-tx:6.2.17-SNAPSHOT/maven-metadata.xml in local (C:\Users\USER\.m2\repository)
[DEBUG] Skipped remote request for org.springframework:spring-tx:6.2.17-SNAPSHOT/maven-metadata.xml, locally cached metadata up-to-date
[DEBUG] Could not find metadata org.springframework.data:spring-data-jpa:3.5.10-SNAPSHOT/maven-metadata.xml in local (C:\Users\USER\.m2\repository)
[DEBUG] Skipped remote request for org.springframework.data:spring-data-jpa:3.5.10-SNAPSHOT/maven-metadata.xml, locally cached metadata up-to-date
[DEBUG] Could not find metadata org.springframework.data:spring-data-jpa:3.5.10-SNAPSHOT/maven-metadata.xml in local (C:\Users\USER\.m2\repository)
[DEBUG] Skipped remote request for org.springframework.data:spring-data-jpa:3.5.10-SNAPSHOT/maven-metadata.xml, locally cached metadata up-to-date
[DEBUG] Could not find metadata org.springframework.data:spring-data-jpa-parent:3.5.10-SNAPSHOT/maven-metadata.xml in local (C:\Users\USER\.m2\repository)
[DEBUG] Skipped remote request for org.springframework.data:spring-data-jpa-parent:3.5.10-SNAPSHOT/maven-metadata.xml, locally cached metadata up-to-date
[DEBUG] Could not find metadata org.springframework.data.build:spring-data-parent:3.5.10-SNAPSHOT/maven-metadata.xml in local (C:\Users\USER\.m2\repository)
[DEBUG] Skipped remote request for org.springframework.data.build:spring-data-parent:3.5.10-SNAPSHOT/maven-metadata.xml, locally cached metadata up-to-date
[DEBUG] Could not find metadata org.springframework.data.build:spring-data-build:3.5.10-SNAPSHOT/maven-metadata.xml in local (C:\Users\USER\.m2\repository)
[DEBUG] Skipped remote request for org.springframework.data.build:spring-data-build:3.5.10-SNAPSHOT/maven-metadata.xml, locally cached metadata up-to-date
[DEBUG] Could not find metadata org.springframework.data:spring-data-commons:3.5.10-SNAPSHOT/maven-metadata.xml in local (C:\Users\USER\.m2\repository)
[DEBUG] Skipped remote request for org.springframework.data:spring-data-commons:3.5.10-SNAPSHOT/maven-metadata.xml, locally cached metadata up-to-date
[DEBUG] Could not find metadata org.springframework.data:spring-data-commons:3.5.10-SNAPSHOT/maven-metadata.xml in local (C:\Users\USER\.m2\repository)
[DEBUG] Skipped remote request for org.springframework.data:spring-data-commons:3.5.10-SNAPSHOT/maven-metadata.xml, locally cached metadata up-to-date
[DEBUG] Could not find metadata org.springframework:spring-orm:6.2.17-SNAPSHOT/maven-metadata.xml in local (C:\Users\USER\.m2\repository)
[DEBUG] Skipped remote request for org.springframework:spring-orm:6.2.17-SNAPSHOT/maven-metadata.xml, locally cached metadata up-to-date
[DEBUG] Could not find metadata org.springframework:spring-orm:6.2.17-SNAPSHOT/maven-metadata.xml in local (C:\Users\USER\.m2\repository)
[DEBUG] Skipped remote request for org.springframework:spring-orm:6.2.17-SNAPSHOT/maven-metadata.xml, locally cached metadata up-to-date
[DEBUG] Could not find metadata org.springframework:spring-aspects:6.2.17-SNAPSHOT/maven-metadata.xml in local (C:\Users\USER\.m2\repository)
[DEBUG] Skipped remote request for org.springframework:spring-aspects:6.2.17-SNAPSHOT/maven-metadata.xml, locally cached metadata up-to-date
[DEBUG] Could not find metadata org.springframework:spring-aspects:6.2.17-SNAPSHOT/maven-metadata.xml in local (C:\Users\USER\.m2\repository)
[DEBUG] Skipped remote request for org.springframework:spring-aspects:6.2.17-SNAPSHOT/maven-metadata.xml, locally cached metadata up-to-date
[DEBUG] Could not find metadata org.springframework.boot:spring-boot-starter-thymeleaf:3.5.12-SNAPSHOT/maven-metadata.xml in local (C:\Users\USER\.m2\repository)
[DEBUG] Skipped remote request for org.springframework.boot:spring-boot-starter-thymeleaf:3.5.12-SNAPSHOT/maven-metadata.xml, locally cached metadata up-to-date
[DEBUG] Could not find metadata org.springframework.boot:spring-boot-starter-thymeleaf:3.5.12-SNAPSHOT/maven-metadata.xml in local (C:\Users\USER\.m2\repository)
[DEBUG] Skipped remote request for org.springframework.boot:spring-boot-starter-thymeleaf:3.5.12-SNAPSHOT/maven-metadata.xml, locally cached metadata up-to-date
[DEBUG] Could not find metadata org.springframework.boot:spring-boot-starter-web:3.5.12-SNAPSHOT/maven-metadata.xml in local (C:\Users\USER\.m2\repository)
[DEBUG] Skipped remote request for org.springframework.boot:spring-boot-starter-web:3.5.12-SNAPSHOT/maven-metadata.xml, locally cached metadata up-to-date
[DEBUG] Could not find metadata org.springframework.boot:spring-boot-starter-web:3.5.12-SNAPSHOT/maven-metadata.xml in local (C:\Users\USER\.m2\repository)
[DEBUG] Skipped remote request for org.springframework.boot:spring-boot-starter-web:3.5.12-SNAPSHOT/maven-metadata.xml, locally cached metadata up-to-date
[DEBUG] Could not find metadata org.springframework.boot:spring-boot-starter-json:3.5.12-SNAPSHOT/maven-metadata.xml in local (C:\Users\USER\.m2\repository)
[DEBUG] Skipped remote request for org.springframework.boot:spring-boot-starter-json:3.5.12-SNAPSHOT/maven-metadata.xml, locally cached metadata up-to-date
[DEBUG] Could not find metadata org.springframework.boot:spring-boot-starter-json:3.5.12-SNAPSHOT/maven-metadata.xml in local (C:\Users\USER\.m2\repository)
[DEBUG] Skipped remote request for org.springframework.boot:spring-boot-starter-json:3.5.12-SNAPSHOT/maven-metadata.xml, locally cached metadata up-to-date
[DEBUG] Could not find metadata org.springframework:spring-web:6.2.17-SNAPSHOT/maven-metadata.xml in local (C:\Users\USER\.m2\repository)
[DEBUG] Skipped remote request for org.springframework:spring-web:6.2.17-SNAPSHOT/maven-metadata.xml, locally cached metadata up-to-date
[DEBUG] Could not find metadata org.springframework:spring-web:6.2.17-SNAPSHOT/maven-metadata.xml in local (C:\Users\USER\.m2\repository)
[DEBUG] Skipped remote request for org.springframework:spring-web:6.2.17-SNAPSHOT/maven-metadata.xml, locally cached metadata up-to-date
[DEBUG] Could not find metadata org.springframework.boot:spring-boot-starter-tomcat:3.5.12-SNAPSHOT/maven-metadata.xml in local (C:\Users\USER\.m2\repository)
[DEBUG] Skipped remote request for org.springframework.boot:spring-boot-starter-tomcat:3.5.12-SNAPSHOT/maven-metadata.xml, locally cached metadata up-to-date
[DEBUG] Could not find metadata org.springframework.boot:spring-boot-starter-tomcat:3.5.12-SNAPSHOT/maven-metadata.xml in local (C:\Users\USER\.m2\repository)
[DEBUG] Skipped remote request for org.springframework.boot:spring-boot-starter-tomcat:3.5.12-SNAPSHOT/maven-metadata.xml, locally cached metadata up-to-date
[DEBUG] Could not find metadata org.springframework:spring-webmvc:6.2.17-SNAPSHOT/maven-metadata.xml in local (C:\Users\USER\.m2\repository)
[DEBUG] Skipped remote request for org.springframework:spring-webmvc:6.2.17-SNAPSHOT/maven-metadata.xml, locally cached metadata up-to-date
[DEBUG] Could not find metadata org.springframework:spring-webmvc:6.2.17-SNAPSHOT/maven-metadata.xml in local (C:\Users\USER\.m2\repository)
[DEBUG] Skipped remote request for org.springframework:spring-webmvc:6.2.17-SNAPSHOT/maven-metadata.xml, locally cached metadata up-to-date
[DEBUG] Could not find metadata org.springframework.boot:spring-boot-devtools:3.5.12-SNAPSHOT/maven-metadata.xml in local (C:\Users\USER\.m2\repository)
[DEBUG] Skipped remote request for org.springframework.boot:spring-boot-devtools:3.5.12-SNAPSHOT/maven-metadata.xml, locally cached metadata up-to-date
[DEBUG] Could not find metadata org.springframework.boot:spring-boot-devtools:3.5.12-SNAPSHOT/maven-metadata.xml in local (C:\Users\USER\.m2\repository)
[DEBUG] Skipped remote request for org.springframework.boot:spring-boot-devtools:3.5.12-SNAPSHOT/maven-metadata.xml, locally cached metadata up-to-date
[DEBUG] Could not find metadata org.springframework.boot:spring-boot-starter-test:3.5.12-SNAPSHOT/maven-metadata.xml in local (C:\Users\USER\.m2\repository)
[DEBUG] Skipped remote request for org.springframework.boot:spring-boot-starter-test:3.5.12-SNAPSHOT/maven-metadata.xml, locally cached metadata up-to-date
[DEBUG] Could not find metadata org.springframework.boot:spring-boot-starter-test:3.5.12-SNAPSHOT/maven-metadata.xml in local (C:\Users\USER\.m2\repository)
[DEBUG] Skipped remote request for org.springframework.boot:spring-boot-starter-test:3.5.12-SNAPSHOT/maven-metadata.xml, locally cached metadata up-to-date
[DEBUG] Could not find metadata org.springframework.boot:spring-boot-test:3.5.12-SNAPSHOT/maven-metadata.xml in local (C:\Users\USER\.m2\repository)
[DEBUG] Skipped remote request for org.springframework.boot:spring-boot-test:3.5.12-SNAPSHOT/maven-metadata.xml, locally cached metadata up-to-date
[DEBUG] Could not find metadata org.springframework.boot:spring-boot-test:3.5.12-SNAPSHOT/maven-metadata.xml in local (C:\Users\USER\.m2\repository)
[DEBUG] Skipped remote request for org.springframework.boot:spring-boot-test:3.5.12-SNAPSHOT/maven-metadata.xml, locally cached metadata up-to-date
[DEBUG] Could not find metadata org.springframework:spring-test:6.2.17-SNAPSHOT/maven-metadata.xml in local (C:\Users\USER\.m2\repository)
[DEBUG] Skipped remote request for org.springframework:spring-test:6.2.17-SNAPSHOT/maven-metadata.xml, locally cached metadata up-to-date
[DEBUG] Could not find metadata org.springframework:spring-test:6.2.17-SNAPSHOT/maven-metadata.xml in local (C:\Users\USER\.m2\repository)
[DEBUG] Skipped remote request for org.springframework:spring-test:6.2.17-SNAPSHOT/maven-metadata.xml, locally cached metadata up-to-date
[DEBUG] Could not find metadata org.springframework.boot:spring-boot-test-autoconfigure:3.5.12-SNAPSHOT/maven-metadata.xml in local (C:\Users\USER\.m2\repository)
[DEBUG] Skipped remote request for org.springframework.boot:spring-boot-test-autoconfigure:3.5.12-SNAPSHOT/maven-metadata.xml, locally cached metadata up-to-date
[DEBUG] Could not find metadata org.springframework.boot:spring-boot-test-autoconfigure:3.5.12-SNAPSHOT/maven-metadata.xml in local (C:\Users\USER\.m2\repository)
[DEBUG] Skipped remote request for org.springframework.boot:spring-boot-test-autoconfigure:3.5.12-SNAPSHOT/maven-metadata.xml, locally cached metadata up-to-date
[DEBUG] Using mirror maven-default-http-blocker (http://0.0.0.0/) for vaadin-snapshots (http://oss.sonatype.org/content/repositories/vaadin-snapshots/).
[DEBUG] Using mirror maven-default-http-blocker (http://0.0.0.0/) for vaadin-releases (http://oss.sonatype.org/content/repositories/vaadin-releases/).
[DEBUG] Dependency collection stats {ConflictMarker.analyzeTime=1602300, ConflictMarker.markTime=437900, ConflictMarker.nodeCount=186, ConflictIdSorter.graphTime=1023500, ConflictIdSorter.topsortTime=664400, ConflictIdSorter.conflictIdCount=96, ConflictIdSorter.conflictIdCycleCount=0, ConflictResolver.totalTime=16361500, ConflictResolver.conflictItemCount=183, DfDependencyCollector.collectTime=975294800, DfDependencyCollector.transformTime=22862500}
[DEBUG] com.example:Alisam_Codes:jar:0.0.1-SNAPSHOT
[DEBUG]    org.springframework.boot:spring-boot-starter-data-jpa:jar:3.5.12-SNAPSHOT:compile
[DEBUG]       org.springframework.boot:spring-boot-starter:jar:3.5.12-SNAPSHOT:compile (version managed from 3.5.12-SNAPSHOT)
[DEBUG]          org.springframework.boot:spring-boot-starter-logging:jar:3.5.12-SNAPSHOT:compile (version managed from 3.5.12-SNAPSHOT)
[DEBUG]             ch.qos.logback:logback-classic:jar:1.5.32:compile (version managed from 1.5.32)
[DEBUG]                ch.qos.logback:logback-core:jar:1.5.32:compile (version managed from 1.5.32)
[DEBUG]             org.apache.logging.log4j:log4j-to-slf4j:jar:2.24.3:compile (version managed from 2.24.3)
[DEBUG]                org.apache.logging.log4j:log4j-api:jar:2.24.3:compile (version managed from 2.24.3)
[DEBUG]             org.slf4j:jul-to-slf4j:jar:2.0.17:compile (version managed from 2.0.17)
[DEBUG]          jakarta.annotation:jakarta.annotation-api:jar:2.1.1:compile (version managed from 2.1.1)
[DEBUG]          org.yaml:snakeyaml:jar:2.4:compile (version managed from 2.4)
[DEBUG]       org.springframework.boot:spring-boot-starter-jdbc:jar:3.5.12-SNAPSHOT:compile (version managed from 3.5.12-SNAPSHOT)
[DEBUG]          com.zaxxer:HikariCP:jar:6.3.3:compile (version managed from 6.3.3)
[DEBUG]       org.hibernate.orm:hibernate-core:jar:6.6.44.Final:compile (version managed from 6.6.44.Final)
[DEBUG]          jakarta.persistence:jakarta.persistence-api:jar:3.1.0:compile (version managed from 3.1.0)
[DEBUG]          jakarta.transaction:jakarta.transaction-api:jar:2.0.1:compile (version managed from 2.0.1)
[DEBUG]          org.jboss.logging:jboss-logging:jar:3.6.2.Final:runtime (version managed from 3.5.0.Final)
[DEBUG]          org.hibernate.common:hibernate-commons-annotations:jar:7.0.3.Final:runtime
[DEBUG]          io.smallrye:jandex:jar:3.2.0:runtime
[DEBUG]          com.fasterxml:classmate:jar:1.7.3:runtime (version managed from 1.5.1)
[DEBUG]          net.bytebuddy:byte-buddy:jar:1.17.8:runtime (version managed from 1.17.5)
[DEBUG]          org.glassfish.jaxb:jaxb-runtime:jar:4.0.6:runtime (version managed from 4.0.2)
[DEBUG]             org.glassfish.jaxb:jaxb-core:jar:4.0.6:runtime (version managed from 4.0.6)
[DEBUG]                org.eclipse.angus:angus-activation:jar:2.0.3:runtime (version managed from 2.0.3)
[DEBUG]                org.glassfish.jaxb:txw2:jar:4.0.6:runtime (version managed from 4.0.6)
[DEBUG]                com.sun.istack:istack-commons-runtime:jar:4.1.2:runtime (version managed from 4.1.2)
[DEBUG]          jakarta.inject:jakarta.inject-api:jar:2.0.1:runtime (version managed from 2.0.1)
[DEBUG]          org.antlr:antlr4-runtime:jar:4.13.0:compile
[DEBUG]       org.springframework.data:spring-data-jpa:jar:3.5.10-SNAPSHOT:compile (version managed from 3.5.10-SNAPSHOT)
[DEBUG]          org.springframework.data:spring-data-commons:jar:3.5.10-SNAPSHOT:compile (version managed from 3.5.10-SNAPSHOT)
[DEBUG]          org.springframework:spring-orm:jar:6.2.17-SNAPSHOT:compile (version managed from 6.2.15)
[DEBUG]          org.springframework:spring-aop:jar:6.2.17-SNAPSHOT:compile (version managed from 6.2.15)
[DEBUG]          org.springframework:spring-tx:jar:6.2.17-SNAPSHOT:compile (version managed from 6.2.15)
[DEBUG]          org.springframework:spring-beans:jar:6.2.17-SNAPSHOT:compile (version managed from 6.2.15)
[DEBUG]          org.slf4j:slf4j-api:jar:2.0.17:compile (version managed from 2.0.17)
[DEBUG]       org.springframework:spring-aspects:jar:6.2.17-SNAPSHOT:compile (version managed from 6.2.17-SNAPSHOT)
[DEBUG]          org.aspectj:aspectjweaver:jar:1.9.25.1:compile (version managed from 1.9.22.1)
[DEBUG]    org.springframework.boot:spring-boot-starter-thymeleaf:jar:3.5.12-SNAPSHOT:compile
[DEBUG]       org.thymeleaf:thymeleaf-spring6:jar:3.1.3.RELEASE:compile (version managed from 3.1.3.RELEASE)
[DEBUG]          org.thymeleaf:thymeleaf:jar:3.1.3.RELEASE:compile (version managed from 3.1.3.RELEASE)
[DEBUG]             org.attoparser:attoparser:jar:2.0.7.RELEASE:compile
[DEBUG]             org.unbescape:unbescape:jar:1.1.6.RELEASE:compile
[DEBUG]    org.springframework.boot:spring-boot-starter-web:jar:3.5.12-SNAPSHOT:compile
[DEBUG]       org.springframework.boot:spring-boot-starter-json:jar:3.5.12-SNAPSHOT:compile (version managed from 3.5.12-SNAPSHOT)
[DEBUG]          com.fasterxml.jackson.core:jackson-databind:jar:2.19.4:compile (version managed from 2.19.4)
[DEBUG]             com.fasterxml.jackson.core:jackson-annotations:jar:2.19.4:compile (version managed from 2.19.4)
[DEBUG]             com.fasterxml.jackson.core:jackson-core:jar:2.19.4:compile (version managed from 2.19.4)
[DEBUG]          com.fasterxml.jackson.datatype:jackson-datatype-jdk8:jar:2.19.4:compile (version managed from 2.19.4)
[DEBUG]          com.fasterxml.jackson.datatype:jackson-datatype-jsr310:jar:2.19.4:compile (version managed from 2.19.4)
[DEBUG]          com.fasterxml.jackson.module:jackson-module-parameter-names:jar:2.19.4:compile (version managed from 2.19.4)
[DEBUG]       org.springframework.boot:spring-boot-starter-tomcat:jar:3.5.12-SNAPSHOT:compile (version managed from 3.5.12-SNAPSHOT)
[DEBUG]          org.apache.tomcat.embed:tomcat-embed-core:jar:10.1.52:compile (version managed from 10.1.52)
[DEBUG]          org.apache.tomcat.embed:tomcat-embed-el:jar:10.1.52:compile (version managed from 10.1.52)
[DEBUG]          org.apache.tomcat.embed:tomcat-embed-websocket:jar:10.1.52:compile (version managed from 10.1.52)
[DEBUG]       org.springframework:spring-web:jar:6.2.17-SNAPSHOT:compile (version managed from 6.2.17-SNAPSHOT)
[DEBUG]          io.micrometer:micrometer-observation:jar:1.15.10:compile (version managed from 1.15.10)
[DEBUG]             io.micrometer:micrometer-commons:jar:1.15.10:compile (version managed from 1.15.10)
[DEBUG]       org.springframework:spring-webmvc:jar:6.2.17-SNAPSHOT:compile (version managed from 6.2.17-SNAPSHOT)
[DEBUG]          org.springframework:spring-expression:jar:6.2.17-SNAPSHOT:compile (version managed from 6.2.17-SNAPSHOT)
[DEBUG]    org.springframework.session:spring-session-jdbc:jar:3.5.5:compile
[DEBUG]       org.springframework.session:spring-session-core:jar:3.5.5:compile (version managed from 3.5.5)
[DEBUG]          org.springframework:spring-jcl:jar:6.2.17-SNAPSHOT:compile (version managed from 6.2.16)
[DEBUG]       org.springframework:spring-context:jar:6.2.17-SNAPSHOT:compile (version managed from 6.2.16)
[DEBUG]       org.springframework:spring-jdbc:jar:6.2.17-SNAPSHOT:compile (version managed from 6.2.16)
[DEBUG]    org.springframework.boot:spring-boot-devtools:jar:3.5.12-SNAPSHOT:runtime (optional)
[DEBUG]       org.springframework.boot:spring-boot:jar:3.5.12-SNAPSHOT:compile (version managed from 3.5.12-SNAPSHOT)
[DEBUG]       org.springframework.boot:spring-boot-autoconfigure:jar:3.5.12-SNAPSHOT:compile (version managed from 3.5.12-SNAPSHOT)
[DEBUG]    com.mysql:mysql-connector-j:jar:9.6.0:runtime (exclusions managed from [com.google.protobuf:protobuf-java:*:*])
[DEBUG]    org.springframework.boot:spring-boot-starter-test:jar:3.5.12-SNAPSHOT:test
[DEBUG]       org.springframework.boot:spring-boot-test:jar:3.5.12-SNAPSHOT:test (version managed from 3.5.12-SNAPSHOT)
[DEBUG]       org.springframework.boot:spring-boot-test-autoconfigure:jar:3.5.12-SNAPSHOT:test (version managed from 3.5.12-SNAPSHOT)
[DEBUG]       com.jayway.jsonpath:json-path:jar:2.9.0:test (version managed from 2.9.0)
[DEBUG]       jakarta.xml.bind:jakarta.xml.bind-api:jar:4.0.4:runtime (version managed from 4.0.4)
[DEBUG]          jakarta.activation:jakarta.activation-api:jar:2.1.4:runtime (version managed from 2.1.4)
[DEBUG]       net.minidev:json-smart:jar:2.5.2:test (version managed from 2.5.2)
[DEBUG]          net.minidev:accessors-smart:jar:2.5.2:test
[DEBUG]             org.ow2.asm:asm:jar:9.7.1:test
[DEBUG]       org.assertj:assertj-core:jar:3.27.7:test (version managed from 3.27.7)
[DEBUG]       org.awaitility:awaitility:jar:4.2.2:test (version managed from 4.2.2)
[DEBUG]       org.hamcrest:hamcrest:jar:3.0:test (version managed from 3.0)
[DEBUG]       org.junit.jupiter:junit-jupiter:jar:5.12.2:test (version managed from 5.12.2)
[DEBUG]          org.junit.jupiter:junit-jupiter-api:jar:5.12.2:test (version managed from 5.12.2)
[DEBUG]             org.opentest4j:opentest4j:jar:1.3.0:test
[DEBUG]             org.junit.platform:junit-platform-commons:jar:1.12.2:test (version managed from 1.12.2)
[DEBUG]             org.apiguardian:apiguardian-api:jar:1.1.2:test
[DEBUG]          org.junit.jupiter:junit-jupiter-params:jar:5.12.2:test (version managed from 5.12.2)
[DEBUG]          org.junit.jupiter:junit-jupiter-engine:jar:5.12.2:test (version managed from 5.12.2)
[DEBUG]             org.junit.platform:junit-platform-engine:jar:1.12.2:test (version managed from 1.12.2)
[DEBUG]       org.mockito:mockito-core:jar:5.17.0:test (version managed from 5.17.0)
[DEBUG]          net.bytebuddy:byte-buddy-agent:jar:1.17.8:test (version managed from 1.15.11)
[DEBUG]          org.objenesis:objenesis:jar:3.3:test
[DEBUG]       org.mockito:mockito-junit-jupiter:jar:5.17.0:test (version managed from 5.17.0)
[DEBUG]       org.skyscreamer:jsonassert:jar:1.5.3:test (version managed from 1.5.3)
[DEBUG]          com.vaadin.external.google:android-json:jar:0.0.20131108.vaadin1:test
[DEBUG]       org.springframework:spring-core:jar:6.2.17-SNAPSHOT:compile (version managed from 6.2.17-SNAPSHOT)
[DEBUG]       org.springframework:spring-test:jar:6.2.17-SNAPSHOT:test (version managed from 6.2.17-SNAPSHOT)
[DEBUG]       org.xmlunit:xmlunit-core:jar:2.10.4:test (version managed from 2.10.4)
[INFO] 
[INFO] --- resources:3.3.1:resources (default-resources) @ Alisam_Codes ---
[DEBUG] Dependency collection stats {ConflictMarker.analyzeTime=94600, ConflictMarker.markTime=70700, ConflictMarker.nodeCount=13, ConflictIdSorter.graphTime=409900, ConflictIdSorter.topsortTime=20200, ConflictIdSorter.conflictIdCount=9, ConflictIdSorter.conflictIdCycleCount=0, ConflictResolver.totalTime=333400, ConflictResolver.conflictItemCount=13, DfDependencyCollector.collectTime=65654400, DfDependencyCollector.transformTime=950200}
[DEBUG] org.apache.maven.plugins:maven-resources-plugin:jar:3.3.1
[DEBUG]    org.codehaus.plexus:plexus-interpolation:jar:1.26:runtime
[DEBUG]    org.codehaus.plexus:plexus-utils:jar:3.5.1:compile
[DEBUG]    org.apache.maven.shared:maven-filtering:jar:3.3.1:compile
[DEBUG]       javax.inject:javax.inject:jar:1:compile
[DEBUG]       org.slf4j:slf4j-api:jar:1.7.36:compile
[DEBUG]       org.sonatype.plexus:plexus-build-api:jar:0.0.7:compile
[DEBUG]    commons-io:commons-io:jar:2.11.0:compile
[DEBUG]    org.apache.commons:commons-lang3:jar:3.12.0:compile
[DEBUG] Created new class realm plugin>org.apache.maven.plugins:maven-resources-plugin:3.3.1
[DEBUG] Importing foreign packages into class realm plugin>org.apache.maven.plugins:maven-resources-plugin:3.3.1
[DEBUG]   Imported:  < maven.api
[DEBUG] Populating class realm plugin>org.apache.maven.plugins:maven-resources-plugin:3.3.1
[DEBUG]   Included: org.apache.maven.plugins:maven-resources-plugin:jar:3.3.1
[DEBUG]   Included: org.codehaus.plexus:plexus-interpolation:jar:1.26
[DEBUG]   Included: org.codehaus.plexus:plexus-utils:jar:3.5.1
[DEBUG]   Included: org.apache.maven.shared:maven-filtering:jar:3.3.1
[DEBUG]   Included: org.sonatype.plexus:plexus-build-api:jar:0.0.7
[DEBUG]   Included: commons-io:commons-io:jar:2.11.0
[DEBUG]   Included: org.apache.commons:commons-lang3:jar:3.12.0
[DEBUG] Loading mojo org.apache.maven.plugins:maven-resources-plugin:3.3.1:resources from plugin realm ClassRealm[plugin>org.apache.maven.plugins:maven-resources-plugin:3.3.1, parent: jdk.internal.loader.ClassLoaders$AppClassLoader@70dea4e]
[DEBUG] Configuring mojo execution 'org.apache.maven.plugins:maven-resources-plugin:3.3.1:resources:default-resources' with basic configurator -->
[DEBUG]   (f) addDefaultExcludes = true
[DEBUG]   (f) buildFilters = []
[DEBUG]   (s) delimiters = [@]
[DEBUG]   (f) encoding = UTF-8
[DEBUG]   (f) escapeWindowsPaths = true
[DEBUG]   (f) fileNameFiltering = false
[DEBUG]   (s) includeEmptyDirs = false
[DEBUG]   (s) outputDirectory = C:\Users\USER\OneDrive\Desktop\ABCD company\Alisam Codes\java backEnd\Alisam_Codes\target\classes
[DEBUG]   (s) overwrite = false
[DEBUG]   (f) project = MavenProject: com.example:Alisam_Codes:0.0.1-SNAPSHOT @ C:\Users\USER\OneDrive\Desktop\ABCD company\Alisam Codes\java backEnd\Alisam_Codes\pom.xml
[DEBUG]   (f) propertiesEncoding = UTF-8
[DEBUG]   (s) resources = [Resource {targetPath: null, filtering: true, FileSet {directory: C:\Users\USER\OneDrive\Desktop\ABCD company\Alisam Codes\java backEnd\Alisam_Codes\src\main\resources, PatternSet [includes: {**/application*.yml, **/application*.yaml, **/application*.properties}, excludes: {}]}}, Resource {targetPath: null, filtering: false, FileSet {directory: C:\Users\USER\OneDrive\Desktop\ABCD company\Alisam Codes\java backEnd\Alisam_Codes\src\main\resources, PatternSet [includes: {}, excludes: {**/application*.yml, **/application*.yaml, **/application*.properties}]}}]
[DEBUG]   (f) session = org.apache.maven.execution.MavenSession@2d38edfd
[DEBUG]   (f) skip = false
[DEBUG]   (f) supportMultiLineFiltering = false
[DEBUG]   (f) useBuildFilters = true
[DEBUG]   (s) useDefaultDelimiters = false
[DEBUG] -- end configuration --
[DEBUG] properties used:
[DEBUG] activemq.version: 6.1.8
[DEBUG] angus-mail.version: 2.0.5
[DEBUG] artemis.version: 2.40.0
[DEBUG] aspectj.version: 1.9.25.1
[DEBUG] assertj.version: 3.27.7
[DEBUG] awaitility.version: 4.2.2
[DEBUG] brave.version: 6.1.0
[DEBUG] build-helper-maven-plugin.version: 3.6.1
[DEBUG] byte-buddy.version: 1.17.8
[DEBUG] cache2k.version: 2.6.1.Final
[DEBUG] caffeine.version: 3.2.3
[DEBUG] cassandra-driver.version: 4.19.2
[DEBUG] classmate.version: 1.7.3
[DEBUG] classworlds.conf: C:\Users\USER\.m2\wrapper\dists\apache-maven-3.9.12\59fe215c0ad6947fea90184bf7add084544567b927287592651fda3782e0e798\bin\m2.conf
[DEBUG] commons-codec.version: 1.18.0
[DEBUG] commons-dbcp2.version: 2.13.0
[DEBUG] commons-lang3.version: 3.17.0
[DEBUG] commons-pool.version: 1.6
[DEBUG] commons-pool2.version: 2.12.1
[DEBUG] couchbase-client.version: 3.8.3
[DEBUG] crac.version: 1.5.0
[DEBUG] cyclonedx-maven-plugin.version: 2.9.1
[DEBUG] db2-jdbc.version: 12.1.4.0
[DEBUG] dependency-management-plugin.version: 1.1.7
[DEBUG] derby.version: 10.16.1.1
[DEBUG] ehcache3.version: 3.10.9
[DEBUG] elasticsearch-client.version: 8.18.8
[DEBUG] env.=C:: C:\Users\USER\OneDrive\Desktop\ABCD company\Alisam Codes\java backEnd\Alisam_Codes
[DEBUG] env.=EXITCODE: 00000000
[DEBUG] env.ALLUSERSPROFILE: C:\ProgramData
[DEBUG] env.ANTIGRAVITY_AGENT: 1
[DEBUG] env.ANTIGRAVITY_CLI_ALIAS: agy
[DEBUG] env.APPDATA: C:\Users\USER\AppData\Roaming
[DEBUG] env.ASL.LOG: Destination=file
[DEBUG] env.CATALINA_HOME: C:\Program Files\Apache Software Foundation\Tomcat 11.0
[DEBUG] env.CHROME_CRASHPAD_PIPE_NAME: \\.\pipe\crashpad_12516_JUGJNNKHJEAFRMFS
[DEBUG] env.CLASSWORLDS_JAR: "C:\Users\USER\.m2\wrapper\dists\apache-maven-3.9.12\59fe215c0ad6947fea90184bf7add084544567b927287592651fda3782e0e798\boot\plexus-classworlds-2.9.0.jar"
[DEBUG] env.CLASSWORLDS_LAUNCHER: org.codehaus.plexus.classworlds.launcher.Launcher
[DEBUG] env.CLASS_PATH: C:\Users\USER\Downloads\mysql-connector-j-8.1.0\mysql-connector-j-8.1.0.jar
[DEBUG] env.COLORTERM: truecolor
[DEBUG] env.COMMONPROGRAMFILES: C:\Program Files\Common Files
[DEBUG] env.COMMONPROGRAMFILES(X86): C:\Program Files (x86)\Common Files
[DEBUG] env.COMMONPROGRAMW6432: C:\Program Files\Common Files
[DEBUG] env.COMPUTERNAME: DESKTOP-EK0H49P
[DEBUG] env.COMSPEC: C:\WINDOWS\system32\cmd.exe
[DEBUG] env.DRIVERDATA: C:\Windows\System32\Drivers\DriverData
[DEBUG] env.EFC_13116_1592913036: 1
[DEBUG] env.EFC_13116_344590478: 1
[DEBUG] env.ERROR_CODE: 0
[DEBUG] env.EXEC_DIR: C:\Users\USER\OneDrive\Desktop\ABCD company\Alisam Codes\java backEnd\Alisam_Codes
[DEBUG] env.GIT_ASKPASS: c:\Users\USER\AppData\Local\Programs\Antigravity\resources\app\extensions\git\dist\askpass.sh
[DEBUG] env.HOMEDRIVE: C:
[DEBUG] env.HOMEPATH: \Users\USER
[DEBUG] env.INTELLIJ IDEA: C:\Program Files\JetBrains\IntelliJ IDEA 2024.3.2.2\bin;
[DEBUG] env.INTERNAL_MAVEN_OPTS: --enable-native-access=ALL-UNNAMED 
[DEBUG] env.JAVACMD: C:\Program Files\Java\jdk-23\bin\java.exe
[DEBUG] env.JAVA_HOME: C:\Program Files\Java\jdk-23
[DEBUG] env.JDBC-CONNECTOR: C:\Users\USER\Downloads\mysql-connector-j-9.1.0 (2)\mysql-connector-j-9.1.0\mysql-connector-j-9.1.0.jar
[DEBUG] env.JVMCONFIG: \.mvn\jvm.config
[DEBUG] env.LANG: en_US.UTF-8
[DEBUG] env.LOCALAPPDATA: C:\Users\USER\AppData\Local
[DEBUG] env.LOGONSERVER: \\DESKTOP-EK0H49P
[DEBUG] env.MAVEN_CMD_LINE_ARGS: compile -X
[DEBUG] env.MAVEN_HOME: C:\Users\USER\.m2\wrapper\dists\apache-maven-3.9.12\59fe215c0ad6947fea90184bf7add084544567b927287592651fda3782e0e798
[DEBUG] env.MAVEN_PROJECTBASEDIR: C:\Users\USER\OneDrive\Desktop\ABCD company\Alisam Codes\java backEnd\Alisam_Codes
[DEBUG] env.NUMBER_OF_PROCESSORS: 4
[DEBUG] env.ONEDRIVE: C:\Users\USER\OneDrive
[DEBUG] env.ONEDRIVECONSUMER: C:\Users\USER\OneDrive
[DEBUG] env.OS: Windows_NT
[DEBUG] env.PAGER: cat
[DEBUG] env.PATH: C:\Program Files\Common Files\Oracle\Java\javapath;C:\MinGW\bin;C:\WINDOWS\system32;C:\WINDOWS;C:\WINDOWS\System32\Wbem;C:\WINDOWS\System32\WindowsPowerShell\v1.0\;C:\WINDOWS\System32\OpenSSH\;C:\TDM-GCC-64\bin;C:\Program Files\nodejs\;C:\Program Files\Java\jdk-22\bin;C:\Program Files\Java\jdk-23\bin;C:\Program Files\Git\cmd;F:\apache-maven-3.9.9\bin;C:\Program Files\Apache Software Foundation\Tomcat 11.0\bin;C:\Program Files\Java\jdk-23\bin;C:\apache-maven-3.9.9\bin;C:\Program Files\MySQL\MySQL Server 8.0\bin;C:\Users\USER\Downloads\mysql-connector-j-8.1.0;F:\apache-tomcat-10.1.28\bin;C:\Users\USER\AppData\Roaming\npm;;C:\Program Files\Docker\Docker\resources\bin;C:\Users\USER\scoop\apps\jbang\current\bin;C:\Users\USER\scoop\shims;C:\Program Files\MySQL\MySQL Shell 8.0\bin\;C:\Users\USER\AppData\Local\Programs\Microsoft VS Code\bin;C:\Program Files\JetBrains\IntelliJ IDEA 2024.3.2.2\bin;;C:\Users\USER\AppData\Roaming\npm;C:\Flutter\flutter_windows_3.35.1-stable\flutter\bin;C:\Users\USER\AppData\Local\Android\Sdk;;C:\Users\USER\AppData\Local\Microsoft\WindowsApps;C:\Users\USER\AppData\Local\Programs\Antigravity\bin
[DEBUG] env.PATHEXT: .COM;.EXE;.BAT;.CMD;.VBS;.VBE;.JS;.JSE;.WSF;.WSH;.MSC;.CPL
[DEBUG] env.PROCESSOR_ARCHITECTURE: AMD64
[DEBUG] env.PROCESSOR_IDENTIFIER: Intel64 Family 6 Model 58 Stepping 9, GenuineIntel
[DEBUG] env.PROCESSOR_LEVEL: 6
[DEBUG] env.PROCESSOR_REVISION: 3a09
[DEBUG] env.PROGRAMDATA: C:\ProgramData
[DEBUG] env.PROGRAMFILES: C:\Program Files
[DEBUG] env.PROGRAMFILES(X86): C:\Program Files (x86)
[DEBUG] env.PROGRAMW6432: C:\Program Files
[DEBUG] env.PROMPT: $P$G
[DEBUG] env.PSMODULEPATH: C:\Users\USER\OneDrive\Documents\WindowsPowerShell\Modules;C:\Program Files\WindowsPowerShell\Modules;C:\WINDOWS\system32\WindowsPowerShell\v1.0\Modules
[DEBUG] env.PUBLIC: C:\Users\Public
[DEBUG] env.SESSIONNAME: Console
[DEBUG] env.SYSTEMDRIVE: C:
[DEBUG] env.SYSTEMROOT: C:\WINDOWS
[DEBUG] env.TEMP: C:\Users\USER\AppData\Local\Temp
[DEBUG] env.TERM_PROGRAM: vscode
[DEBUG] env.TERM_PROGRAM_VERSION: 1.107.0
[DEBUG] env.TMP: C:\Users\USER\AppData\Local\Temp
[DEBUG] env.USERDOMAIN: DESKTOP-EK0H49P
[DEBUG] env.USERDOMAIN_ROAMINGPROFILE: DESKTOP-EK0H49P
[DEBUG] env.USERNAME: USER
[DEBUG] env.USERPROFILE: C:\Users\USER
[DEBUG] env.VBOX_MSI_INSTALL_PATH: C:\Program Files\Oracle\VirtualBox\
[DEBUG] env.VSCODE_GIT_ASKPASS_EXTRA_ARGS: 
[DEBUG] env.VSCODE_GIT_ASKPASS_MAIN: c:\Users\USER\AppData\Local\Programs\Antigravity\resources\app\extensions\git\dist\askpass-main.js
[DEBUG] env.VSCODE_GIT_ASKPASS_NODE: C:\Users\USER\AppData\Local\Programs\Antigravity\Antigravity.exe
[DEBUG] env.VSCODE_GIT_IPC_HANDLE: \\.\pipe\vscode-git-7eba01ea97-sock
[DEBUG] env.VSCODE_INJECTION: 1
[DEBUG] env.VSCODE_PYTHON_AUTOACTIVATE_GUARD: 1
[DEBUG] env.WDIR: C:\Users\USER\OneDrive\Desktop\ABCD company\Alisam Codes\java backEnd\Alisam_Codes
[DEBUG] env.WINDIR: C:\WINDOWS
[DEBUG] env.__MVNW_CMD__: C:\Users\USER/.m2/wrapper/dists/apache-maven-3.9.12/59fe215c0ad6947fea90184bf7add084544567b927287592651fda3782e0e798/bin/mvn.cmd
[DEBUG] env.__PSLOCKDOWNPOLICY: 0
[DEBUG] file.encoding: UTF-8
[DEBUG] file.separator: \
[DEBUG] flyway.version: 11.7.2
[DEBUG] freemarker.version: 2.3.34
[DEBUG] git-commit-id-maven-plugin.version: 9.0.2
[DEBUG] glassfish-jaxb.version: 4.0.6
[DEBUG] glassfish-jstl.version: 3.0.1
[DEBUG] graphql-java.version: 24.3
[DEBUG] groovy.version: 4.0.30
[DEBUG] gson.version: 2.13.2
[DEBUG] h2.version: 2.3.232
[DEBUG] hamcrest.version: 3.0
[DEBUG] hazelcast.version: 5.5.0
[DEBUG] hibernate-validator.version: 8.0.3.Final
[DEBUG] hibernate.version: 6.6.44.Final
[DEBUG] hikaricp.version: 6.3.3
[DEBUG] hsqldb.version: 2.7.3
[DEBUG] htmlunit.version: 4.11.1
[DEBUG] httpasyncclient.version: 4.1.5
[DEBUG] httpclient5.version: 5.5.2
[DEBUG] httpcore.version: 4.4.16
[DEBUG] httpcore5.version: 5.3.6
[DEBUG] infinispan.version: 15.2.6.Final
[DEBUG] influxdb-java.version: 2.25
[DEBUG] jackson-bom.version: 2.19.4
[DEBUG] jakarta-activation.version: 2.1.4
[DEBUG] jakarta-annotation.version: 2.1.1
[DEBUG] jakarta-inject.version: 2.0.1
[DEBUG] jakarta-jms.version: 3.1.0
[DEBUG] jakarta-json-bind.version: 3.0.1
[DEBUG] jakarta-json.version: 2.1.3
[DEBUG] jakarta-mail.version: 2.1.5
[DEBUG] jakarta-management.version: 1.1.4
[DEBUG] jakarta-persistence.version: 3.1.0
[DEBUG] jakarta-servlet-jsp-jstl.version: 3.0.2
[DEBUG] jakarta-servlet.version: 6.0.0
[DEBUG] jakarta-transaction.version: 2.0.1
[DEBUG] jakarta-validation.version: 3.0.2
[DEBUG] jakarta-websocket.version: 2.1.1
[DEBUG] jakarta-ws-rs.version: 3.1.0
[DEBUG] jakarta-xml-bind.version: 4.0.4
[DEBUG] jakarta-xml-soap.version: 3.0.2
[DEBUG] jakarta-xml-ws.version: 4.0.3
[DEBUG] janino.version: 3.1.12
[DEBUG] java.class.path: C:\Users\USER\.m2\wrapper\dists\apache-maven-3.9.12\59fe215c0ad6947fea90184bf7add084544567b927287592651fda3782e0e798\boot\plexus-classworlds-2.9.0.jar
[DEBUG] java.class.version: 67.0
[DEBUG] java.home: C:\Program Files\Java\jdk-23
[DEBUG] java.io.tmpdir: C:\Users\USER\AppData\Local\Temp\
[DEBUG] java.library.path: C:\Program Files\Java\jdk-23\bin;C:\WINDOWS\Sun\Java\bin;C:\WINDOWS\system32;C:\WINDOWS;C:\Program Files\Common Files\Oracle\Java\javapath;C:\MinGW\bin;C:\WINDOWS\system32;C:\WINDOWS;C:\WINDOWS\System32\Wbem;C:\WINDOWS\System32\WindowsPowerShell\v1.0\;C:\WINDOWS\System32\OpenSSH\;C:\TDM-GCC-64\bin;C:\Program Files\nodejs\;C:\Program Files\Java\jdk-22\bin;C:\Program Files\Java\jdk-23\bin;C:\Program Files\Git\cmd;F:\apache-maven-3.9.9\bin;C:\Program Files\Apache Software Foundation\Tomcat 11.0\bin;C:\Program Files\Java\jdk-23\bin;C:\apache-maven-3.9.9\bin;C:\Program Files\MySQL\MySQL Server 8.0\bin;C:\Users\USER\Downloads\mysql-connector-j-8.1.0;F:\apache-tomcat-10.1.28\bin;C:\Users\USER\AppData\Roaming\npm;;C:\Program Files\Docker\Docker\resources\bin;C:\Users\USER\scoop\apps\jbang\current\bin;C:\Users\USER\scoop\shims;C:\Program Files\MySQL\MySQL Shell 8.0\bin\;C:\Users\USER\AppData\Local\Programs\Microsoft VS Code\bin;C:\Program Files\JetBrains\IntelliJ IDEA 2024.3.2.2\bin;;C:\Users\USER\AppData\Roaming\npm;C:\Flutter\flutter_windows_3.35.1-stable\flutter\bin;C:\Users\USER\AppData\Local\Android\Sdk;;C:\Users\USER\AppData\Local\Microsoft\WindowsApps;C:\Users\USER\AppData\Local\Programs\Antigravity\bin;.
[DEBUG] java.runtime.name: Java(TM) SE Runtime Environment
[DEBUG] java.runtime.version: 23+37-2369
[DEBUG] java.specification.name: Java Platform API Specification
[DEBUG] java.specification.vendor: Oracle Corporation
[DEBUG] java.specification.version: 23
[DEBUG] java.vendor: Oracle Corporation
[DEBUG] java.vendor.url: https://java.oracle.com/
[DEBUG] java.vendor.url.bug: https://bugreport.java.com/bugreport/
[DEBUG] java.version: 23
[DEBUG] java.version.date: 2024-09-17
[DEBUG] java.vm.compressedOopsMode: Zero based
[DEBUG] java.vm.info: mixed mode, sharing
[DEBUG] java.vm.name: Java HotSpot(TM) 64-Bit Server VM
[DEBUG] java.vm.specification.name: Java Virtual Machine Specification
[DEBUG] java.vm.specification.vendor: Oracle Corporation
[DEBUG] java.vm.specification.version: 23
[DEBUG] java.vm.vendor: Oracle Corporation
[DEBUG] java.vm.version: 23+37-2369
[DEBUG] javax-cache.version: 1.1.1
[DEBUG] javax-money.version: 1.1
[DEBUG] jaxen.version: 2.0.0
[DEBUG] jaybird.version: 6.0.4
[DEBUG] jboss-logging.version: 3.6.2.Final
[DEBUG] jdk.debug: release
[DEBUG] jdom2.version: 2.0.6.1
[DEBUG] jedis.version: 6.0.0
[DEBUG] jersey.version: 3.1.11
[DEBUG] jetty-reactive-httpclient.version: 4.0.13
[DEBUG] jetty.version: 12.0.33
[DEBUG] jmustache.version: 1.16
[DEBUG] jooq.version: 3.19.30
[DEBUG] json-path.version: 2.9.0
[DEBUG] json-smart.version: 2.5.2
[DEBUG] jsonassert.version: 1.5.3
[DEBUG] jtds.version: 1.3.1
[DEBUG] junit-jupiter.version: 5.12.2
[DEBUG] junit.version: 4.13.2
[DEBUG] kafka.version: 3.9.2
[DEBUG] kotlin-coroutines.version: 1.8.1
[DEBUG] kotlin-serialization.version: 1.6.3
[DEBUG] kotlin.version: 1.9.25
[DEBUG] lettuce.version: 6.6.0.RELEASE
[DEBUG] library.jansi.path: C:\Users\USER\.m2\wrapper\dists\apache-maven-3.9.12\59fe215c0ad6947fea90184bf7add084544567b927287592651fda3782e0e798\lib\jansi-native
[DEBUG] line.separator: 

[DEBUG] liquibase.version: 4.31.1
[DEBUG] log4j2.version: 2.24.3
[DEBUG] logback.version: 1.5.32
[DEBUG] lombok.version: 1.18.42
[DEBUG] mariadb.version: 3.5.7
[DEBUG] maven-antrun-plugin.version: 3.1.0
[DEBUG] maven-assembly-plugin.version: 3.7.1
[DEBUG] maven-clean-plugin.version: 3.4.1
[DEBUG] maven-compiler-plugin.version: 3.14.1
[DEBUG] maven-dependency-plugin.version: 3.8.1
[DEBUG] maven-deploy-plugin.version: 3.1.4
[DEBUG] maven-enforcer-plugin.version: 3.5.0
[DEBUG] maven-failsafe-plugin.version: 3.5.5
[DEBUG] maven-help-plugin.version: 3.5.1
[DEBUG] maven-install-plugin.version: 3.1.4
[DEBUG] maven-invoker-plugin.version: 3.9.1
[DEBUG] maven-jar-plugin.version: 3.4.2
[DEBUG] maven-javadoc-plugin.version: 3.11.3
[DEBUG] maven-resources-plugin.version: 3.3.1
[DEBUG] maven-shade-plugin.version: 3.6.2
[DEBUG] maven-source-plugin.version: 3.3.1
[DEBUG] maven-surefire-plugin.version: 3.5.5
[DEBUG] maven-war-plugin.version: 3.4.0
[DEBUG] maven.build.timestamp: 2026-03-11T13:30:03Z
[DEBUG] maven.build.version: Apache Maven 3.9.12 (848fbb4bf2d427b72bdb2471c22fced7ebd9a7a1)
[DEBUG] maven.compiler.release: 25
[DEBUG] maven.conf: C:\Users\USER\.m2\wrapper\dists\apache-maven-3.9.12\59fe215c0ad6947fea90184bf7add084544567b927287592651fda3782e0e798/conf
[DEBUG] maven.home: C:\Users\USER\.m2\wrapper\dists\apache-maven-3.9.12\59fe215c0ad6947fea90184bf7add084544567b927287592651fda3782e0e798
[DEBUG] maven.multiModuleProjectDirectory: C:\Users\USER\OneDrive\Desktop\ABCD company\Alisam Codes\java backEnd\Alisam_Codes
[DEBUG] maven.version: 3.9.12
[DEBUG] micrometer-tracing.version: 1.5.10
[DEBUG] micrometer.version: 1.15.10
[DEBUG] mockito.version: 5.17.0
[DEBUG] mongodb.version: 5.5.2
[DEBUG] mssql-jdbc.version: 12.10.2.jre11
[DEBUG] mysql.version: 9.6.0
[DEBUG] native-build-tools-plugin.version: 0.10.6
[DEBUG] native.encoding: Cp1252
[DEBUG] nekohtml.version: 1.9.22
[DEBUG] neo4j-java-driver.version: 5.28.10
[DEBUG] netty.version: 4.1.131.Final
[DEBUG] opentelemetry.version: 1.49.0
[DEBUG] oracle-database.version: 23.7.0.25.01
[DEBUG] oracle-r2dbc.version: 1.3.0
[DEBUG] os.arch: amd64
[DEBUG] os.name: Windows 11
[DEBUG] os.version: 10.0
[DEBUG] path.separator: ;
[DEBUG] pooled-jms.version: 3.1.9
[DEBUG] postgresql.version: 42.7.10
[DEBUG] project.baseUri: file:/C:/Users/USER/OneDrive/Desktop/ABCD%20company/Alisam%20Codes/java%20backEnd/Alisam_Codes/
[DEBUG] project.build.sourceEncoding: UTF-8
[DEBUG] project.reporting.outputEncoding: UTF-8
[DEBUG] prometheus-client.version: 1.3.10
[DEBUG] prometheus-simpleclient.version: 0.16.0
[DEBUG] pulsar-reactive.version: 0.6.0
[DEBUG] pulsar.version: 4.0.9
[DEBUG] quartz.version: 2.5.2
[DEBUG] querydsl.version: 5.1.0
[DEBUG] r2dbc-h2.version: 1.0.1.RELEASE
[DEBUG] r2dbc-mariadb.version: 1.3.0
[DEBUG] r2dbc-mssql.version: 1.0.4.RELEASE
[DEBUG] r2dbc-mysql.version: 1.4.1
[DEBUG] r2dbc-pool.version: 1.0.2.RELEASE
[DEBUG] r2dbc-postgresql.version: 1.0.9.RELEASE
[DEBUG] r2dbc-proxy.version: 1.1.6.RELEASE
[DEBUG] r2dbc-spi.version: 1.0.0.RELEASE
[DEBUG] rabbit-amqp-client.version: 5.25.0
[DEBUG] rabbit-stream-client.version: 0.23.0
[DEBUG] reactive-streams.version: 1.0.4
[DEBUG] reactor-bom.version: 2024.0.16
[DEBUG] resource.delimiter: @
[DEBUG] rest-assured.version: 5.5.7
[DEBUG] rsocket.version: 1.1.5
[DEBUG] rxjava3.version: 3.1.12
[DEBUG] saaj-impl.version: 3.0.4
[DEBUG] selenium-htmlunit.version: 4.30.0
[DEBUG] selenium.version: 4.31.0
[DEBUG] sendgrid.version: 4.10.3
[DEBUG] slf4j.version: 2.0.17
[DEBUG] snakeyaml.version: 2.4
[DEBUG] spring-amqp.version: 3.2.9
[DEBUG] spring-authorization-server.version: 1.5.6
[DEBUG] spring-batch.version: 5.2.5-SNAPSHOT
[DEBUG] spring-boot.run.main-class: ${start-class}
[DEBUG] spring-data-bom.version: 2025.0.10-SNAPSHOT
[DEBUG] spring-framework.version: 6.2.17-SNAPSHOT
[DEBUG] spring-graphql.version: 1.4.5
[DEBUG] spring-hateoas.version: 2.5.1
[DEBUG] spring-integration.version: 6.5.7
[DEBUG] spring-kafka.version: 3.3.14-SNAPSHOT
[DEBUG] spring-ldap.version: 3.3.6
[DEBUG] spring-pulsar.version: 1.2.16-SNAPSHOT
[DEBUG] spring-restdocs.version: 3.0.5
[DEBUG] spring-retry.version: 2.0.12
[DEBUG] spring-security.version: 6.5.9-SNAPSHOT
[DEBUG] spring-session.version: 3.5.5
[DEBUG] spring-ws.version: 4.1.3-SNAPSHOT
[DEBUG] sqlite-jdbc.version: 3.49.1.0
[DEBUG] stderr.encoding: Cp1252
[DEBUG] stdout.encoding: Cp1252
[DEBUG] sun.arch.data.model: 64
[DEBUG] sun.boot.library.path: C:\Program Files\Java\jdk-23\bin
[DEBUG] sun.cpu.endian: little
[DEBUG] sun.cpu.isalist: amd64
[DEBUG] sun.io.unicode.encoding: UnicodeLittle
[DEBUG] sun.java.command: org.codehaus.plexus.classworlds.launcher.Launcher compile -X
[DEBUG] sun.java.launcher: SUN_STANDARD
[DEBUG] sun.jnu.encoding: Cp1252
[DEBUG] sun.management.compiler: HotSpot 64-Bit Tiered Compilers
[DEBUG] sun.os.patch.level: 
[DEBUG] testcontainers-redis-module.version: 2.2.4
[DEBUG] testcontainers.version: 1.21.4
[DEBUG] thymeleaf-extras-data-attribute.version: 2.0.1
[DEBUG] thymeleaf-extras-springsecurity.version: 3.1.3.RELEASE
[DEBUG] thymeleaf-layout-dialect.version: 3.4.0
[DEBUG] thymeleaf.version: 3.1.3.RELEASE
[DEBUG] tomcat.version: 10.1.52
[DEBUG] unboundid-ldapsdk.version: 7.0.4
[DEBUG] undertow.version: 2.3.23.Final
[DEBUG] user.country: IN
[DEBUG] user.dir: C:\Users\USER\OneDrive\Desktop\ABCD company\Alisam Codes\java backEnd\Alisam_Codes
[DEBUG] user.home: C:\Users\USER
[DEBUG] user.language: en
[DEBUG] user.name: USER
[DEBUG] user.script: 
[DEBUG] user.variant: 
[DEBUG] versions-maven-plugin.version: 2.18.0
[DEBUG] vibur.version: 26.0
[DEBUG] webjars-locator-core.version: 0.59
[DEBUG] webjars-locator-lite.version: 1.1.3
[DEBUG] wsdl4j.version: 1.6.3
[DEBUG] xml-maven-plugin.version: 1.1.0
[DEBUG] xmlunit2.version: 2.10.4
[DEBUG] yasson.version: 3.0.4
[DEBUG] zipkin-reporter.version: 3.5.1
[DEBUG] Using 'UTF-8' encoding to copy filtered resources.
[DEBUG] Using 'UTF-8' encoding to copy filtered properties files.
[DEBUG] resource with targetPath null
directory C:\Users\USER\OneDrive\Desktop\ABCD company\Alisam Codes\java backEnd\Alisam_Codes\src\main\resources
excludes []
includes [**/application*.yml, **/application*.yaml, **/application*.properties]
[DEBUG] ignoreDelta true
[INFO] Copying 1 resource from src\main\resources to target\classes
[DEBUG] Copying file application.properties
[DEBUG] file application.properties has a filtered file extension
[DEBUG] Using 'UTF-8' encoding to copy filtered resource 'application.properties'.
[DEBUG] filtering C:\Users\USER\OneDrive\Desktop\ABCD company\Alisam Codes\java backEnd\Alisam_Codes\src\main\resources\application.properties to C:\Users\USER\OneDrive\Desktop\ABCD company\Alisam Codes\java backEnd\Alisam_Codes\target\classes\application.properties
[DEBUG] resource with targetPath null
directory C:\Users\USER\OneDrive\Desktop\ABCD company\Alisam Codes\java backEnd\Alisam_Codes\src\main\resources
excludes [**/application*.yml, **/application*.yaml, **/application*.properties]
includes []
[DEBUG] ignoreDelta true
[INFO] Copying 10 resources from src\main\resources to target\classes
[DEBUG] Copying file static\css\style.css
[DEBUG] file style.css has a filtered file extension
[DEBUG] Using 'UTF-8' encoding to copy filtered resource 'style.css'.
[DEBUG] copy C:\Users\USER\OneDrive\Desktop\ABCD company\Alisam Codes\java backEnd\Alisam_Codes\src\main\resources\static\css\style.css to C:\Users\USER\OneDrive\Desktop\ABCD company\Alisam Codes\java backEnd\Alisam_Codes\target\classes\static\css\style.css
[DEBUG] Copying file static\js\main.js
[DEBUG] file main.js has a filtered file extension
[DEBUG] Using 'UTF-8' encoding to copy filtered resource 'main.js'.
[DEBUG] copy C:\Users\USER\OneDrive\Desktop\ABCD company\Alisam Codes\java backEnd\Alisam_Codes\src\main\resources\static\js\main.js to C:\Users\USER\OneDrive\Desktop\ABCD company\Alisam Codes\java backEnd\Alisam_Codes\target\classes\static\js\main.js
[DEBUG] Copying file templates\cart.html
[DEBUG] file cart.html has a filtered file extension
[DEBUG] Using 'UTF-8' encoding to copy filtered resource 'cart.html'.
[DEBUG] copy C:\Users\USER\OneDrive\Desktop\ABCD company\Alisam Codes\java backEnd\Alisam_Codes\src\main\resources\templates\cart.html to C:\Users\USER\OneDrive\Desktop\ABCD company\Alisam Codes\java backEnd\Alisam_Codes\target\classes\templates\cart.html
[DEBUG] Copying file templates\checkout.html
[DEBUG] file checkout.html has a filtered file extension
[DEBUG] Using 'UTF-8' encoding to copy filtered resource 'checkout.html'.
[DEBUG] copy C:\Users\USER\OneDrive\Desktop\ABCD company\Alisam Codes\java backEnd\Alisam_Codes\src\main\resources\templates\checkout.html to C:\Users\USER\OneDrive\Desktop\ABCD company\Alisam Codes\java backEnd\Alisam_Codes\target\classes\templates\checkout.html
[DEBUG] Copying file templates\fragments\layout.html
[DEBUG] file layout.html has a filtered file extension
[DEBUG] Using 'UTF-8' encoding to copy filtered resource 'layout.html'.
[DEBUG] copy C:\Users\USER\OneDrive\Desktop\ABCD company\Alisam Codes\java backEnd\Alisam_Codes\src\main\resources\templates\fragments\layout.html to C:\Users\USER\OneDrive\Desktop\ABCD company\Alisam Codes\java backEnd\Alisam_Codes\target\classes\templates\fragments\layout.html
[DEBUG] Copying file templates\index.html
[DEBUG] file index.html has a filtered file extension
[DEBUG] Using 'UTF-8' encoding to copy filtered resource 'index.html'.
[DEBUG] copy C:\Users\USER\OneDrive\Desktop\ABCD company\Alisam Codes\java backEnd\Alisam_Codes\src\main\resources\templates\index.html to C:\Users\USER\OneDrive\Desktop\ABCD company\Alisam Codes\java backEnd\Alisam_Codes\target\classes\templates\index.html
[DEBUG] Copying file templates\login.html
[DEBUG] file login.html has a filtered file extension
[DEBUG] Using 'UTF-8' encoding to copy filtered resource 'login.html'.
[DEBUG] copy C:\Users\USER\OneDrive\Desktop\ABCD company\Alisam Codes\java backEnd\Alisam_Codes\src\main\resources\templates\login.html to C:\Users\USER\OneDrive\Desktop\ABCD company\Alisam Codes\java backEnd\Alisam_Codes\target\classes\templates\login.html
[DEBUG] Copying file templates\product-details.html
[DEBUG] file product-details.html has a filtered file extension
[DEBUG] Using 'UTF-8' encoding to copy filtered resource 'product-details.html'.
[DEBUG] copy C:\Users\USER\OneDrive\Desktop\ABCD company\Alisam Codes\java backEnd\Alisam_Codes\src\main\resources\templates\product-details.html to C:\Users\USER\OneDrive\Desktop\ABCD company\Alisam Codes\java backEnd\Alisam_Codes\target\classes\templates\product-details.html
[DEBUG] Copying file templates\products.html
[DEBUG] file products.html has a filtered file extension
[DEBUG] Using 'UTF-8' encoding to copy filtered resource 'products.html'.
[DEBUG] copy C:\Users\USER\OneDrive\Desktop\ABCD company\Alisam Codes\java backEnd\Alisam_Codes\src\main\resources\templates\products.html to C:\Users\USER\OneDrive\Desktop\ABCD company\Alisam Codes\java backEnd\Alisam_Codes\target\classes\templates\products.html
[DEBUG] Copying file templates\register.html
[DEBUG] file register.html has a filtered file extension
[DEBUG] Using 'UTF-8' encoding to copy filtered resource 'register.html'.
[DEBUG] copy C:\Users\USER\OneDrive\Desktop\ABCD company\Alisam Codes\java backEnd\Alisam_Codes\src\main\resources\templates\register.html to C:\Users\USER\OneDrive\Desktop\ABCD company\Alisam Codes\java backEnd\Alisam_Codes\target\classes\templates\register.html
[DEBUG] no user filter components
[INFO] 
[INFO] --- compiler:3.14.1:compile (default-compile) @ Alisam_Codes ---
[DEBUG] Using mirror maven-default-http-blocker (http://0.0.0.0/) for apache.snapshots (http://repository.apache.org/snapshots).
[DEBUG] Dependency collection stats {ConflictMarker.analyzeTime=110700, ConflictMarker.markTime=29800, ConflictMarker.nodeCount=23, ConflictIdSorter.graphTime=15500, ConflictIdSorter.topsortTime=19500, ConflictIdSorter.conflictIdCount=14, ConflictIdSorter.conflictIdCycleCount=0, ConflictResolver.totalTime=376200, ConflictResolver.conflictItemCount=23, DfDependencyCollector.collectTime=150880800, DfDependencyCollector.transformTime=573600}
[DEBUG] org.apache.maven.plugins:maven-compiler-plugin:jar:3.14.1
[DEBUG]    org.ow2.asm:asm:jar:9.8:compile
[DEBUG]    org.apache.maven.shared:maven-shared-utils:jar:3.4.2:compile
[DEBUG]       org.slf4j:slf4j-api:jar:1.7.36:compile
[DEBUG]       commons-io:commons-io:jar:2.11.0:compile
[DEBUG]    org.apache.maven.shared:maven-shared-incremental:jar:1.1:compile
[DEBUG]    org.codehaus.plexus:plexus-java:jar:1.5.0:compile
[DEBUG]       com.thoughtworks.qdox:qdox:jar:2.2.0:compile
[DEBUG]    org.codehaus.plexus:plexus-compiler-api:jar:2.15.0:compile
[DEBUG]    org.codehaus.plexus:plexus-compiler-manager:jar:2.15.0:compile
[DEBUG]       javax.inject:javax.inject:jar:1:compile
[DEBUG]       org.codehaus.plexus:plexus-xml:jar:3.0.1:compile (version managed from default)
[DEBUG]    org.codehaus.plexus:plexus-compiler-javac:jar:2.15.0:runtime
[DEBUG]    org.codehaus.plexus:plexus-utils:jar:4.0.2:compile
[DEBUG] Created new class realm plugin>org.apache.maven.plugins:maven-compiler-plugin:3.14.1
[DEBUG] Importing foreign packages into class realm plugin>org.apache.maven.plugins:maven-compiler-plugin:3.14.1
[DEBUG]   Imported:  < maven.api
[DEBUG] Populating class realm plugin>org.apache.maven.plugins:maven-compiler-plugin:3.14.1
[DEBUG]   Included: org.apache.maven.plugins:maven-compiler-plugin:jar:3.14.1
[DEBUG]   Included: org.ow2.asm:asm:jar:9.8
[DEBUG]   Included: org.apache.maven.shared:maven-shared-utils:jar:3.4.2
[DEBUG]   Included: commons-io:commons-io:jar:2.11.0
[DEBUG]   Included: org.apache.maven.shared:maven-shared-incremental:jar:1.1
[DEBUG]   Included: org.codehaus.plexus:plexus-java:jar:1.5.0
[DEBUG]   Included: com.thoughtworks.qdox:qdox:jar:2.2.0
[DEBUG]   Included: org.codehaus.plexus:plexus-compiler-api:jar:2.15.0
[DEBUG]   Included: org.codehaus.plexus:plexus-compiler-manager:jar:2.15.0
[DEBUG]   Included: org.codehaus.plexus:plexus-xml:jar:3.0.1
[DEBUG]   Included: org.codehaus.plexus:plexus-compiler-javac:jar:2.15.0
[DEBUG]   Included: org.codehaus.plexus:plexus-utils:jar:4.0.2
[DEBUG] Loading mojo org.apache.maven.plugins:maven-compiler-plugin:3.14.1:compile from plugin realm ClassRealm[plugin>org.apache.maven.plugins:maven-compiler-plugin:3.14.1, parent: jdk.internal.loader.ClassLoaders$AppClassLoader@70dea4e]
[DEBUG] Configuring mojo execution 'org.apache.maven.plugins:maven-compiler-plugin:3.14.1:compile:default-compile' with basic configurator -->
[DEBUG]   (f) annotationProcessorPathsUseDepMgmt = false
[DEBUG]   (f) basedir = C:\Users\USER\OneDrive\Desktop\ABCD company\Alisam Codes\java backEnd\Alisam_Codes
[DEBUG]   (f) buildDirectory = C:\Users\USER\OneDrive\Desktop\ABCD company\Alisam Codes\java backEnd\Alisam_Codes\target
[DEBUG]   (f) compilePath = [C:\Users\USER\OneDrive\Desktop\ABCD company\Alisam Codes\java backEnd\Alisam_Codes\target\classes, C:\Users\USER\.m2\repository\org\springframework\boot\spring-boot-starter-data-jpa\3.5.12-SNAPSHOT\spring-boot-starter-data-jpa-3.5.12-SNAPSHOT.jar, C:\Users\USER\.m2\repository\org\springframework\boot\spring-boot-starter\3.5.12-SNAPSHOT\spring-boot-starter-3.5.12-SNAPSHOT.jar, C:\Users\USER\.m2\repository\org\springframework\boot\spring-boot-starter-logging\3.5.12-SNAPSHOT\spring-boot-starter-logging-3.5.12-SNAPSHOT.jar, C:\Users\USER\.m2\repository\ch\qos\logback\logback-classic\1.5.32\logback-classic-1.5.32.jar, C:\Users\USER\.m2\repository\ch\qos\logback\logback-core\1.5.32\logback-core-1.5.32.jar, C:\Users\USER\.m2\repository\org\apache\logging\log4j\log4j-to-slf4j\2.24.3\log4j-to-slf4j-2.24.3.jar, C:\Users\USER\.m2\repository\org\apache\logging\log4j\log4j-api\2.24.3\log4j-api-2.24.3.jar, C:\Users\USER\.m2\repository\org\slf4j\jul-to-slf4j\2.0.17\jul-to-slf4j-2.0.17.jar, C:\Users\USER\.m2\repository\jakarta\annotation\jakarta.annotation-api\2.1.1\jakarta.annotation-api-2.1.1.jar, C:\Users\USER\.m2\repository\org\yaml\snakeyaml\2.4\snakeyaml-2.4.jar, C:\Users\USER\.m2\repository\org\springframework\boot\spring-boot-starter-jdbc\3.5.12-SNAPSHOT\spring-boot-starter-jdbc-3.5.12-SNAPSHOT.jar, C:\Users\USER\.m2\repository\com\zaxxer\HikariCP\6.3.3\HikariCP-6.3.3.jar, C:\Users\USER\.m2\repository\org\hibernate\orm\hibernate-core\6.6.44.Final\hibernate-core-6.6.44.Final.jar, C:\Users\USER\.m2\repository\jakarta\persistence\jakarta.persistence-api\3.1.0\jakarta.persistence-api-3.1.0.jar, C:\Users\USER\.m2\repository\jakarta\transaction\jakarta.transaction-api\2.0.1\jakarta.transaction-api-2.0.1.jar, C:\Users\USER\.m2\repository\org\antlr\antlr4-runtime\4.13.0\antlr4-runtime-4.13.0.jar, C:\Users\USER\.m2\repository\org\springframework\data\spring-data-jpa\3.5.10-SNAPSHOT\spring-data-jpa-3.5.10-SNAPSHOT.jar, C:\Users\USER\.m2\repository\org\springframework\data\spring-data-commons\3.5.10-SNAPSHOT\spring-data-commons-3.5.10-SNAPSHOT.jar, C:\Users\USER\.m2\repository\org\springframework\spring-orm\6.2.17-SNAPSHOT\spring-orm-6.2.17-SNAPSHOT.jar, C:\Users\USER\.m2\repository\org\springframework\spring-aop\6.2.17-SNAPSHOT\spring-aop-6.2.17-SNAPSHOT.jar, C:\Users\USER\.m2\repository\org\springframework\spring-tx\6.2.17-SNAPSHOT\spring-tx-6.2.17-SNAPSHOT.jar, C:\Users\USER\.m2\repository\org\springframework\spring-beans\6.2.17-SNAPSHOT\spring-beans-6.2.17-SNAPSHOT.jar, C:\Users\USER\.m2\repository\org\slf4j\slf4j-api\2.0.17\slf4j-api-2.0.17.jar, C:\Users\USER\.m2\repository\org\springframework\spring-aspects\6.2.17-SNAPSHOT\spring-aspects-6.2.17-SNAPSHOT.jar, C:\Users\USER\.m2\repository\org\aspectj\aspectjweaver\1.9.25.1\aspectjweaver-1.9.25.1.jar, C:\Users\USER\.m2\repository\org\springframework\boot\spring-boot-starter-thymeleaf\3.5.12-SNAPSHOT\spring-boot-starter-thymeleaf-3.5.12-SNAPSHOT.jar, C:\Users\USER\.m2\repository\org\thymeleaf\thymeleaf-spring6\3.1.3.RELEASE\thymeleaf-spring6-3.1.3.RELEASE.jar, C:\Users\USER\.m2\repository\org\thymeleaf\thymeleaf\3.1.3.RELEASE\thymeleaf-3.1.3.RELEASE.jar, C:\Users\USER\.m2\repository\org\attoparser\attoparser\2.0.7.RELEASE\attoparser-2.0.7.RELEASE.jar, C:\Users\USER\.m2\repository\org\unbescape\unbescape\1.1.6.RELEASE\unbescape-1.1.6.RELEASE.jar, C:\Users\USER\.m2\repository\org\springframework\boot\spring-boot-starter-web\3.5.12-SNAPSHOT\spring-boot-starter-web-3.5.12-SNAPSHOT.jar, C:\Users\USER\.m2\repository\org\springframework\boot\spring-boot-starter-json\3.5.12-SNAPSHOT\spring-boot-starter-json-3.5.12-SNAPSHOT.jar, C:\Users\USER\.m2\repository\com\fasterxml\jackson\core\jackson-databind\2.19.4\jackson-databind-2.19.4.jar, C:\Users\USER\.m2\repository\com\fasterxml\jackson\core\jackson-annotations\2.19.4\jackson-annotations-2.19.4.jar, C:\Users\USER\.m2\repository\com\fasterxml\jackson\core\jackson-core\2.19.4\jackson-core-2.19.4.jar, C:\Users\USER\.m2\repository\com\fasterxml\jackson\datatype\jackson-datatype-jdk8\2.19.4\jackson-datatype-jdk8-2.19.4.jar, C:\Users\USER\.m2\repository\com\fasterxml\jackson\datatype\jackson-datatype-jsr310\2.19.4\jackson-datatype-jsr310-2.19.4.jar, C:\Users\USER\.m2\repository\com\fasterxml\jackson\module\jackson-module-parameter-names\2.19.4\jackson-module-parameter-names-2.19.4.jar, C:\Users\USER\.m2\repository\org\springframework\boot\spring-boot-starter-tomcat\3.5.12-SNAPSHOT\spring-boot-starter-tomcat-3.5.12-SNAPSHOT.jar, C:\Users\USER\.m2\repository\org\apache\tomcat\embed\tomcat-embed-core\10.1.52\tomcat-embed-core-10.1.52.jar, C:\Users\USER\.m2\repository\org\apache\tomcat\embed\tomcat-embed-el\10.1.52\tomcat-embed-el-10.1.52.jar, C:\Users\USER\.m2\repository\org\apache\tomcat\embed\tomcat-embed-websocket\10.1.52\tomcat-embed-websocket-10.1.52.jar, C:\Users\USER\.m2\repository\org\springframework\spring-web\6.2.17-SNAPSHOT\spring-web-6.2.17-SNAPSHOT.jar, C:\Users\USER\.m2\repository\io\micrometer\micrometer-observation\1.15.10\micrometer-observation-1.15.10.jar, C:\Users\USER\.m2\repository\io\micrometer\micrometer-commons\1.15.10\micrometer-commons-1.15.10.jar, C:\Users\USER\.m2\repository\org\springframework\spring-webmvc\6.2.17-SNAPSHOT\spring-webmvc-6.2.17-SNAPSHOT.jar, C:\Users\USER\.m2\repository\org\springframework\spring-expression\6.2.17-SNAPSHOT\spring-expression-6.2.17-SNAPSHOT.jar, C:\Users\USER\.m2\repository\org\springframework\session\spring-session-jdbc\3.5.5\spring-session-jdbc-3.5.5.jar, C:\Users\USER\.m2\repository\org\springframework\session\spring-session-core\3.5.5\spring-session-core-3.5.5.jar, C:\Users\USER\.m2\repository\org\springframework\spring-jcl\6.2.17-SNAPSHOT\spring-jcl-6.2.17-SNAPSHOT.jar, C:\Users\USER\.m2\repository\org\springframework\spring-context\6.2.17-SNAPSHOT\spring-context-6.2.17-SNAPSHOT.jar, C:\Users\USER\.m2\repository\org\springframework\spring-jdbc\6.2.17-SNAPSHOT\spring-jdbc-6.2.17-SNAPSHOT.jar, C:\Users\USER\.m2\repository\org\springframework\boot\spring-boot\3.5.12-SNAPSHOT\spring-boot-3.5.12-SNAPSHOT.jar, C:\Users\USER\.m2\repository\org\springframework\boot\spring-boot-autoconfigure\3.5.12-SNAPSHOT\spring-boot-autoconfigure-3.5.12-SNAPSHOT.jar, C:\Users\USER\.m2\repository\org\springframework\spring-core\6.2.17-SNAPSHOT\spring-core-6.2.17-SNAPSHOT.jar]
[DEBUG]   (f) compileSourceRoots = [C:\Users\USER\OneDrive\Desktop\ABCD company\Alisam Codes\java backEnd\Alisam_Codes\src\main\java]
[DEBUG]   (f) compilerId = javac
[DEBUG]   (f) createMissingPackageInfoClass = true
[DEBUG]   (f) debug = true
[DEBUG]   (f) debugFileName = javac
[DEBUG]   (f) enablePreview = false
[DEBUG]   (f) encoding = UTF-8
[DEBUG]   (f) failOnError = true
[DEBUG]   (f) failOnWarning = false
[DEBUG]   (f) fileExtensions = [jar, class]
[DEBUG]   (f) forceJavacCompilerUse = false
[DEBUG]   (f) forceLegacyJavacApi = false
[DEBUG]   (f) fork = false
[DEBUG]   (f) generatedSourcesDirectory = C:\Users\USER\OneDrive\Desktop\ABCD company\Alisam Codes\java backEnd\Alisam_Codes\target\generated-sources\annotations
[DEBUG]   (f) moduleVersion = 0.0.1-SNAPSHOT
[DEBUG]   (f) mojoExecution = org.apache.maven.plugins:maven-compiler-plugin:3.14.1:compile {execution: default-compile}
[DEBUG]   (f) optimize = false
[DEBUG]   (f) outputDirectory = C:\Users\USER\OneDrive\Desktop\ABCD company\Alisam Codes\java backEnd\Alisam_Codes\target\classes
[DEBUG]   (f) parameters = true
[DEBUG]   (f) project = MavenProject: com.example:Alisam_Codes:0.0.1-SNAPSHOT @ C:\Users\USER\OneDrive\Desktop\ABCD company\Alisam Codes\java backEnd\Alisam_Codes\pom.xml
[DEBUG]   (f) projectArtifact = com.example:Alisam_Codes:jar:0.0.1-SNAPSHOT
[DEBUG]   (s) release = 25
[DEBUG]   (f) session = org.apache.maven.execution.MavenSession@2d38edfd
[DEBUG]   (f) showCompilationChanges = false
[DEBUG]   (f) showDeprecation = false
[DEBUG]   (f) showWarnings = true
[DEBUG]   (f) skipMultiThreadWarning = false
[DEBUG]   (f) source = 1.8
[DEBUG]   (f) staleMillis = 0
[DEBUG]   (s) target = 1.8
[DEBUG]   (f) useIncrementalCompilation = true
[DEBUG]   (f) useModuleVersion = true
[DEBUG]   (f) verbose = false
[DEBUG] -- end configuration --
[DEBUG] Using compiler 'javac'.
[DEBUG] CompilerReuseStrategy: reuseCreated
[DEBUG] useIncrementalCompilation enabled
[INFO] 	Stale source detected: C:\Users\USER\OneDrive\Desktop\ABCD company\Alisam Codes\java backEnd\Alisam_Codes\src\main\java\com\example\Alisam_Codes\repositories\OrderRepository.java
[INFO] 	Stale source detected: C:\Users\USER\OneDrive\Desktop\ABCD company\Alisam Codes\java backEnd\Alisam_Codes\src\main\java\com\example\Alisam_Codes\controllers\AuthController.java
[INFO] 	Stale source detected: C:\Users\USER\OneDrive\Desktop\ABCD company\Alisam Codes\java backEnd\Alisam_Codes\src\main\java\com\example\Alisam_Codes\services\OrderService.java
[INFO] 	Stale source detected: C:\Users\USER\OneDrive\Desktop\ABCD company\Alisam Codes\java backEnd\Alisam_Codes\src\main\java\com\example\Alisam_Codes\controllers\ProductController.java
[INFO] 	Stale source detected: C:\Users\USER\OneDrive\Desktop\ABCD company\Alisam Codes\java backEnd\Alisam_Codes\src\main\java\com\example\Alisam_Codes\repositories\UserRepository.java
[INFO] 	Stale source detected: C:\Users\USER\OneDrive\Desktop\ABCD company\Alisam Codes\java backEnd\Alisam_Codes\src\main\java\com\example\Alisam_Codes\services\CategoryService.java
[INFO] 	Stale source detected: C:\Users\USER\OneDrive\Desktop\ABCD company\Alisam Codes\java backEnd\Alisam_Codes\src\main\java\com\example\Alisam_Codes\models\Category.java
[INFO] 	Stale source detected: C:\Users\USER\OneDrive\Desktop\ABCD company\Alisam Codes\java backEnd\Alisam_Codes\src\main\java\com\example\Alisam_Codes\AlisamCodesApplication.java
[INFO] 	Stale source detected: C:\Users\USER\OneDrive\Desktop\ABCD company\Alisam Codes\java backEnd\Alisam_Codes\src\main\java\com\example\Alisam_Codes\controllers\HomeController.java
[INFO] 	Stale source detected: C:\Users\USER\OneDrive\Desktop\ABCD company\Alisam Codes\java backEnd\Alisam_Codes\src\main\java\com\example\Alisam_Codes\models\Order.java
[INFO] 	Stale source detected: C:\Users\USER\OneDrive\Desktop\ABCD company\Alisam Codes\java backEnd\Alisam_Codes\src\main\java\com\example\Alisam_Codes\models\Product.java
[INFO] 	Stale source detected: C:\Users\USER\OneDrive\Desktop\ABCD company\Alisam Codes\java backEnd\Alisam_Codes\src\main\java\com\example\Alisam_Codes\repositories\ProductRepository.java
[INFO] 	Stale source detected: C:\Users\USER\OneDrive\Desktop\ABCD company\Alisam Codes\java backEnd\Alisam_Codes\src\main\java\com\example\Alisam_Codes\models\User.java
[INFO] 	Stale source detected: C:\Users\USER\OneDrive\Desktop\ABCD company\Alisam Codes\java backEnd\Alisam_Codes\src\main\java\com\example\Alisam_Codes\repositories\CategoryRepository.java
[INFO] 	Stale source detected: C:\Users\USER\OneDrive\Desktop\ABCD company\Alisam Codes\java backEnd\Alisam_Codes\src\main\java\com\example\Alisam_Codes\models\OrderItem.java
[INFO] 	Stale source detected: C:\Users\USER\OneDrive\Desktop\ABCD company\Alisam Codes\java backEnd\Alisam_Codes\src\main\java\com\example\Alisam_Codes\services\ProductService.java
[INFO] 	Stale source detected: C:\Users\USER\OneDrive\Desktop\ABCD company\Alisam Codes\java backEnd\Alisam_Codes\src\main\java\com\example\Alisam_Codes\services\UserService.java
[INFO] 	Stale source detected: C:\Users\USER\OneDrive\Desktop\ABCD company\Alisam Codes\java backEnd\Alisam_Codes\src\main\java\com\example\Alisam_Codes\controllers\CartController.java
[INFO] Recompiling the module because of changed source code.
[DEBUG] Classpath:
[DEBUG]  C:\Users\USER\OneDrive\Desktop\ABCD company\Alisam Codes\java backEnd\Alisam_Codes\target\classes
[DEBUG]  C:\Users\USER\.m2\repository\org\springframework\boot\spring-boot-starter-data-jpa\3.5.12-SNAPSHOT\spring-boot-starter-data-jpa-3.5.12-SNAPSHOT.jar
[DEBUG]  C:\Users\USER\.m2\repository\org\springframework\boot\spring-boot-starter\3.5.12-SNAPSHOT\spring-boot-starter-3.5.12-SNAPSHOT.jar
[DEBUG]  C:\Users\USER\.m2\repository\org\springframework\boot\spring-boot-starter-logging\3.5.12-SNAPSHOT\spring-boot-starter-logging-3.5.12-SNAPSHOT.jar
[DEBUG]  C:\Users\USER\.m2\repository\ch\qos\logback\logback-classic\1.5.32\logback-classic-1.5.32.jar
[DEBUG]  C:\Users\USER\.m2\repository\ch\qos\logback\logback-core\1.5.32\logback-core-1.5.32.jar
[DEBUG]  C:\Users\USER\.m2\repository\org\apache\logging\log4j\log4j-to-slf4j\2.24.3\log4j-to-slf4j-2.24.3.jar
[DEBUG]  C:\Users\USER\.m2\repository\org\apache\logging\log4j\log4j-api\2.24.3\log4j-api-2.24.3.jar
[DEBUG]  C:\Users\USER\.m2\repository\org\slf4j\jul-to-slf4j\2.0.17\jul-to-slf4j-2.0.17.jar
[DEBUG]  C:\Users\USER\.m2\repository\jakarta\annotation\jakarta.annotation-api\2.1.1\jakarta.annotation-api-2.1.1.jar
[DEBUG]  C:\Users\USER\.m2\repository\org\yaml\snakeyaml\2.4\snakeyaml-2.4.jar
[DEBUG]  C:\Users\USER\.m2\repository\org\springframework\boot\spring-boot-starter-jdbc\3.5.12-SNAPSHOT\spring-boot-starter-jdbc-3.5.12-SNAPSHOT.jar
[DEBUG]  C:\Users\USER\.m2\repository\com\zaxxer\HikariCP\6.3.3\HikariCP-6.3.3.jar
[DEBUG]  C:\Users\USER\.m2\repository\org\hibernate\orm\hibernate-core\6.6.44.Final\hibernate-core-6.6.44.Final.jar
[DEBUG]  C:\Users\USER\.m2\repository\jakarta\persistence\jakarta.persistence-api\3.1.0\jakarta.persistence-api-3.1.0.jar
[DEBUG]  C:\Users\USER\.m2\repository\jakarta\transaction\jakarta.transaction-api\2.0.1\jakarta.transaction-api-2.0.1.jar
[DEBUG]  C:\Users\USER\.m2\repository\org\antlr\antlr4-runtime\4.13.0\antlr4-runtime-4.13.0.jar
[DEBUG]  C:\Users\USER\.m2\repository\org\springframework\data\spring-data-jpa\3.5.10-SNAPSHOT\spring-data-jpa-3.5.10-SNAPSHOT.jar
[DEBUG]  C:\Users\USER\.m2\repository\org\springframework\data\spring-data-commons\3.5.10-SNAPSHOT\spring-data-commons-3.5.10-SNAPSHOT.jar
[DEBUG]  C:\Users\USER\.m2\repository\org\springframework\spring-orm\6.2.17-SNAPSHOT\spring-orm-6.2.17-SNAPSHOT.jar
[DEBUG]  C:\Users\USER\.m2\repository\org\springframework\spring-aop\6.2.17-SNAPSHOT\spring-aop-6.2.17-SNAPSHOT.jar
[DEBUG]  C:\Users\USER\.m2\repository\org\springframework\spring-tx\6.2.17-SNAPSHOT\spring-tx-6.2.17-SNAPSHOT.jar
[DEBUG]  C:\Users\USER\.m2\repository\org\springframework\spring-beans\6.2.17-SNAPSHOT\spring-beans-6.2.17-SNAPSHOT.jar
[DEBUG]  C:\Users\USER\.m2\repository\org\slf4j\slf4j-api\2.0.17\slf4j-api-2.0.17.jar
[DEBUG]  C:\Users\USER\.m2\repository\org\springframework\spring-aspects\6.2.17-SNAPSHOT\spring-aspects-6.2.17-SNAPSHOT.jar
[DEBUG]  C:\Users\USER\.m2\repository\org\aspectj\aspectjweaver\1.9.25.1\aspectjweaver-1.9.25.1.jar
[DEBUG]  C:\Users\USER\.m2\repository\org\springframework\boot\spring-boot-starter-thymeleaf\3.5.12-SNAPSHOT\spring-boot-starter-thymeleaf-3.5.12-SNAPSHOT.jar
[DEBUG]  C:\Users\USER\.m2\repository\org\thymeleaf\thymeleaf-spring6\3.1.3.RELEASE\thymeleaf-spring6-3.1.3.RELEASE.jar
[DEBUG]  C:\Users\USER\.m2\repository\org\thymeleaf\thymeleaf\3.1.3.RELEASE\thymeleaf-3.1.3.RELEASE.jar
[DEBUG]  C:\Users\USER\.m2\repository\org\attoparser\attoparser\2.0.7.RELEASE\attoparser-2.0.7.RELEASE.jar
[DEBUG]  C:\Users\USER\.m2\repository\org\unbescape\unbescape\1.1.6.RELEASE\unbescape-1.1.6.RELEASE.jar
[DEBUG]  C:\Users\USER\.m2\repository\org\springframework\boot\spring-boot-starter-web\3.5.12-SNAPSHOT\spring-boot-starter-web-3.5.12-SNAPSHOT.jar
[DEBUG]  C:\Users\USER\.m2\repository\org\springframework\boot\spring-boot-starter-json\3.5.12-SNAPSHOT\spring-boot-starter-json-3.5.12-SNAPSHOT.jar
[DEBUG]  C:\Users\USER\.m2\repository\com\fasterxml\jackson\core\jackson-databind\2.19.4\jackson-databind-2.19.4.jar
[DEBUG]  C:\Users\USER\.m2\repository\com\fasterxml\jackson\core\jackson-annotations\2.19.4\jackson-annotations-2.19.4.jar
[DEBUG]  C:\Users\USER\.m2\repository\com\fasterxml\jackson\core\jackson-core\2.19.4\jackson-core-2.19.4.jar
[DEBUG]  C:\Users\USER\.m2\repository\com\fasterxml\jackson\datatype\jackson-datatype-jdk8\2.19.4\jackson-datatype-jdk8-2.19.4.jar
[DEBUG]  C:\Users\USER\.m2\repository\com\fasterxml\jackson\datatype\jackson-datatype-jsr310\2.19.4\jackson-datatype-jsr310-2.19.4.jar
[DEBUG]  C:\Users\USER\.m2\repository\com\fasterxml\jackson\module\jackson-module-parameter-names\2.19.4\jackson-module-parameter-names-2.19.4.jar
[DEBUG]  C:\Users\USER\.m2\repository\org\springframework\boot\spring-boot-starter-tomcat\3.5.12-SNAPSHOT\spring-boot-starter-tomcat-3.5.12-SNAPSHOT.jar
[DEBUG]  C:\Users\USER\.m2\repository\org\apache\tomcat\embed\tomcat-embed-core\10.1.52\tomcat-embed-core-10.1.52.jar
[DEBUG]  C:\Users\USER\.m2\repository\org\apache\tomcat\embed\tomcat-embed-el\10.1.52\tomcat-embed-el-10.1.52.jar
[DEBUG]  C:\Users\USER\.m2\repository\org\apache\tomcat\embed\tomcat-embed-websocket\10.1.52\tomcat-embed-websocket-10.1.52.jar
[DEBUG]  C:\Users\USER\.m2\repository\org\springframework\spring-web\6.2.17-SNAPSHOT\spring-web-6.2.17-SNAPSHOT.jar
[DEBUG]  C:\Users\USER\.m2\repository\io\micrometer\micrometer-observation\1.15.10\micrometer-observation-1.15.10.jar
[DEBUG]  C:\Users\USER\.m2\repository\io\micrometer\micrometer-commons\1.15.10\micrometer-commons-1.15.10.jar
[DEBUG]  C:\Users\USER\.m2\repository\org\springframework\spring-webmvc\6.2.17-SNAPSHOT\spring-webmvc-6.2.17-SNAPSHOT.jar
[DEBUG]  C:\Users\USER\.m2\repository\org\springframework\spring-expression\6.2.17-SNAPSHOT\spring-expression-6.2.17-SNAPSHOT.jar
[DEBUG]  C:\Users\USER\.m2\repository\org\springframework\session\spring-session-jdbc\3.5.5\spring-session-jdbc-3.5.5.jar
[DEBUG]  C:\Users\USER\.m2\repository\org\springframework\session\spring-session-core\3.5.5\spring-session-core-3.5.5.jar
[DEBUG]  C:\Users\USER\.m2\repository\org\springframework\spring-jcl\6.2.17-SNAPSHOT\spring-jcl-6.2.17-SNAPSHOT.jar
[DEBUG]  C:\Users\USER\.m2\repository\org\springframework\spring-context\6.2.17-SNAPSHOT\spring-context-6.2.17-SNAPSHOT.jar
[DEBUG]  C:\Users\USER\.m2\repository\org\springframework\spring-jdbc\6.2.17-SNAPSHOT\spring-jdbc-6.2.17-SNAPSHOT.jar
[DEBUG]  C:\Users\USER\.m2\repository\org\springframework\boot\spring-boot\3.5.12-SNAPSHOT\spring-boot-3.5.12-SNAPSHOT.jar
[DEBUG]  C:\Users\USER\.m2\repository\org\springframework\boot\spring-boot-autoconfigure\3.5.12-SNAPSHOT\spring-boot-autoconfigure-3.5.12-SNAPSHOT.jar
[DEBUG]  C:\Users\USER\.m2\repository\org\springframework\spring-core\6.2.17-SNAPSHOT\spring-core-6.2.17-SNAPSHOT.jar
[DEBUG] Source roots:
[DEBUG]  C:\Users\USER\OneDrive\Desktop\ABCD company\Alisam Codes\java backEnd\Alisam_Codes\src\main\java
[DEBUG] Command line options:
[DEBUG] -d C:\Users\USER\OneDrive\Desktop\ABCD company\Alisam Codes\java backEnd\Alisam_Codes\target\classes -classpath C:\Users\USER\OneDrive\Desktop\ABCD company\Alisam Codes\java backEnd\Alisam_Codes\target\classes;C:\Users\USER\.m2\repository\org\springframework\boot\spring-boot-starter-data-jpa\3.5.12-SNAPSHOT\spring-boot-starter-data-jpa-3.5.12-SNAPSHOT.jar;C:\Users\USER\.m2\repository\org\springframework\boot\spring-boot-starter\3.5.12-SNAPSHOT\spring-boot-starter-3.5.12-SNAPSHOT.jar;C:\Users\USER\.m2\repository\org\springframework\boot\spring-boot-starter-logging\3.5.12-SNAPSHOT\spring-boot-starter-logging-3.5.12-SNAPSHOT.jar;C:\Users\USER\.m2\repository\ch\qos\logback\logback-classic\1.5.32\logback-classic-1.5.32.jar;C:\Users\USER\.m2\repository\ch\qos\logback\logback-core\1.5.32\logback-core-1.5.32.jar;C:\Users\USER\.m2\repository\org\apache\logging\log4j\log4j-to-slf4j\2.24.3\log4j-to-slf4j-2.24.3.jar;C:\Users\USER\.m2\repository\org\apache\logging\log4j\log4j-api\2.24.3\log4j-api-2.24.3.jar;C:\Users\USER\.m2\repository\org\slf4j\jul-to-slf4j\2.0.17\jul-to-slf4j-2.0.17.jar;C:\Users\USER\.m2\repository\jakarta\annotation\jakarta.annotation-api\2.1.1\jakarta.annotation-api-2.1.1.jar;C:\Users\USER\.m2\repository\org\yaml\snakeyaml\2.4\snakeyaml-2.4.jar;C:\Users\USER\.m2\repository\org\springframework\boot\spring-boot-starter-jdbc\3.5.12-SNAPSHOT\spring-boot-starter-jdbc-3.5.12-SNAPSHOT.jar;C:\Users\USER\.m2\repository\com\zaxxer\HikariCP\6.3.3\HikariCP-6.3.3.jar;C:\Users\USER\.m2\repository\org\hibernate\orm\hibernate-core\6.6.44.Final\hibernate-core-6.6.44.Final.jar;C:\Users\USER\.m2\repository\jakarta\persistence\jakarta.persistence-api\3.1.0\jakarta.persistence-api-3.1.0.jar;C:\Users\USER\.m2\repository\jakarta\transaction\jakarta.transaction-api\2.0.1\jakarta.transaction-api-2.0.1.jar;C:\Users\USER\.m2\repository\org\antlr\antlr4-runtime\4.13.0\antlr4-runtime-4.13.0.jar;C:\Users\USER\.m2\repository\org\springframework\data\spring-data-jpa\3.5.10-SNAPSHOT\spring-data-jpa-3.5.10-SNAPSHOT.jar;C:\Users\USER\.m2\repository\org\springframework\data\spring-data-commons\3.5.10-SNAPSHOT\spring-data-commons-3.5.10-SNAPSHOT.jar;C:\Users\USER\.m2\repository\org\springframework\spring-orm\6.2.17-SNAPSHOT\spring-orm-6.2.17-SNAPSHOT.jar;C:\Users\USER\.m2\repository\org\springframework\spring-aop\6.2.17-SNAPSHOT\spring-aop-6.2.17-SNAPSHOT.jar;C:\Users\USER\.m2\repository\org\springframework\spring-tx\6.2.17-SNAPSHOT\spring-tx-6.2.17-SNAPSHOT.jar;C:\Users\USER\.m2\repository\org\springframework\spring-beans\6.2.17-SNAPSHOT\spring-beans-6.2.17-SNAPSHOT.jar;C:\Users\USER\.m2\repository\org\slf4j\slf4j-api\2.0.17\slf4j-api-2.0.17.jar;C:\Users\USER\.m2\repository\org\springframework\spring-aspects\6.2.17-SNAPSHOT\spring-aspects-6.2.17-SNAPSHOT.jar;C:\Users\USER\.m2\repository\org\aspectj\aspectjweaver\1.9.25.1\aspectjweaver-1.9.25.1.jar;C:\Users\USER\.m2\repository\org\springframework\boot\spring-boot-starter-thymeleaf\3.5.12-SNAPSHOT\spring-boot-starter-thymeleaf-3.5.12-SNAPSHOT.jar;C:\Users\USER\.m2\repository\org\thymeleaf\thymeleaf-spring6\3.1.3.RELEASE\thymeleaf-spring6-3.1.3.RELEASE.jar;C:\Users\USER\.m2\repository\org\thymeleaf\thymeleaf\3.1.3.RELEASE\thymeleaf-3.1.3.RELEASE.jar;C:\Users\USER\.m2\repository\org\attoparser\attoparser\2.0.7.RELEASE\attoparser-2.0.7.RELEASE.jar;C:\Users\USER\.m2\repository\org\unbescape\unbescape\1.1.6.RELEASE\unbescape-1.1.6.RELEASE.jar;C:\Users\USER\.m2\repository\org\springframework\boot\spring-boot-starter-web\3.5.12-SNAPSHOT\spring-boot-starter-web-3.5.12-SNAPSHOT.jar;C:\Users\USER\.m2\repository\org\springframework\boot\spring-boot-starter-json\3.5.12-SNAPSHOT\spring-boot-starter-json-3.5.12-SNAPSHOT.jar;C:\Users\USER\.m2\repository\com\fasterxml\jackson\core\jackson-databind\2.19.4\jackson-databind-2.19.4.jar;C:\Users\USER\.m2\repository\com\fasterxml\jackson\core\jackson-annotations\2.19.4\jackson-annotations-2.19.4.jar;C:\Users\USER\.m2\repository\com\fasterxml\jackson\core\jackson-core\2.19.4\jackson-core-2.19.4.jar;C:\Users\USER\.m2\repository\com\fasterxml\jackson\datatype\jackson-datatype-jdk8\2.19.4\jackson-datatype-jdk8-2.19.4.jar;C:\Users\USER\.m2\repository\com\fasterxml\jackson\datatype\jackson-datatype-jsr310\2.19.4\jackson-datatype-jsr310-2.19.4.jar;C:\Users\USER\.m2\repository\com\fasterxml\jackson\module\jackson-module-parameter-names\2.19.4\jackson-module-parameter-names-2.19.4.jar;C:\Users\USER\.m2\repository\org\springframework\boot\spring-boot-starter-tomcat\3.5.12-SNAPSHOT\spring-boot-starter-tomcat-3.5.12-SNAPSHOT.jar;C:\Users\USER\.m2\repository\org\apache\tomcat\embed\tomcat-embed-core\10.1.52\tomcat-embed-core-10.1.52.jar;C:\Users\USER\.m2\repository\org\apache\tomcat\embed\tomcat-embed-el\10.1.52\tomcat-embed-el-10.1.52.jar;C:\Users\USER\.m2\repository\org\apache\tomcat\embed\tomcat-embed-websocket\10.1.52\tomcat-embed-websocket-10.1.52.jar;C:\Users\USER\.m2\repository\org\springframework\spring-web\6.2.17-SNAPSHOT\spring-web-6.2.17-SNAPSHOT.jar;C:\Users\USER\.m2\repository\io\micrometer\micrometer-observation\1.15.10\micrometer-observation-1.15.10.jar;C:\Users\USER\.m2\repository\io\micrometer\micrometer-commons\1.15.10\micrometer-commons-1.15.10.jar;C:\Users\USER\.m2\repository\org\springframework\spring-webmvc\6.2.17-SNAPSHOT\spring-webmvc-6.2.17-SNAPSHOT.jar;C:\Users\USER\.m2\repository\org\springframework\spring-expression\6.2.17-SNAPSHOT\spring-expression-6.2.17-SNAPSHOT.jar;C:\Users\USER\.m2\repository\org\springframework\session\spring-session-jdbc\3.5.5\spring-session-jdbc-3.5.5.jar;C:\Users\USER\.m2\repository\org\springframework\session\spring-session-core\3.5.5\spring-session-core-3.5.5.jar;C:\Users\USER\.m2\repository\org\springframework\spring-jcl\6.2.17-SNAPSHOT\spring-jcl-6.2.17-SNAPSHOT.jar;C:\Users\USER\.m2\repository\org\springframework\spring-context\6.2.17-SNAPSHOT\spring-context-6.2.17-SNAPSHOT.jar;C:\Users\USER\.m2\repository\org\springframework\spring-jdbc\6.2.17-SNAPSHOT\spring-jdbc-6.2.17-SNAPSHOT.jar;C:\Users\USER\.m2\repository\org\springframework\boot\spring-boot\3.5.12-SNAPSHOT\spring-boot-3.5.12-SNAPSHOT.jar;C:\Users\USER\.m2\repository\org\springframework\boot\spring-boot-autoconfigure\3.5.12-SNAPSHOT\spring-boot-autoconfigure-3.5.12-SNAPSHOT.jar;C:\Users\USER\.m2\repository\org\springframework\spring-core\6.2.17-SNAPSHOT\spring-core-6.2.17-SNAPSHOT.jar; -sourcepath C:\Users\USER\OneDrive\Desktop\ABCD company\Alisam Codes\java backEnd\Alisam_Codes\src\main\java; -s C:\Users\USER\OneDrive\Desktop\ABCD company\Alisam Codes\java backEnd\Alisam_Codes\target\generated-sources\annotations -g -parameters --release 25 -encoding UTF-8 -XDuseUnsharedTable=true
[DEBUG] incrementalBuildHelper#beforeRebuildExecution
[INFO] Compiling 18 source files with javac [debug parameters release 25] to target\classes
[DEBUG] Adding C:\Users\USER\OneDrive\Desktop\ABCD company\Alisam Codes\java backEnd\Alisam_Codes\target\generated-sources\annotations to the project compile source roots but NOT the actual compile source roots:
  C:\Users\USER\OneDrive\Desktop\ABCD company\Alisam Codes\java backEnd\Alisam_Codes\src\main\java
[INFO] ------------------------------------------------------------------------
[INFO] BUILD FAILURE
[INFO] ------------------------------------------------------------------------
[INFO] Total time:  3.851 s
[INFO] Finished at: 2026-03-11T19:00:04+05:30
[INFO] ------------------------------------------------------------------------
[ERROR] Failed to execute goal org.apache.maven.plugins:maven-compiler-plugin:3.14.1:compile (default-compile) on project Alisam_Codes: Fatal error compiling: error: release version 25 not supported -> [Help 1]
org.apache.maven.lifecycle.LifecycleExecutionException: Failed to execute goal org.apache.maven.plugins:maven-compiler-plugin:3.14.1:compile (default-compile) on project Alisam_Codes: Fatal error compiling
    at org.apache.maven.lifecycle.internal.MojoExecutor.doExecute2 (MojoExecutor.java:333)
    at org.apache.maven.lifecycle.internal.MojoExecutor.doExecute (MojoExecutor.java:316)
    at org.apache.maven.lifecycle.internal.MojoExecutor.execute (MojoExecutor.java:212)
    at org.apache.maven.lifecycle.internal.MojoExecutor.execute (MojoExecutor.java:174)
    at org.apache.maven.lifecycle.internal.MojoExecutor.access$000 (MojoExecutor.java:75)
    at org.apache.maven.lifecycle.internal.MojoExecutor$1.run (MojoExecutor.java:162)
    at org.apache.maven.plugin.DefaultMojosExecutionStrategy.execute (DefaultMojosExecutionStrategy.java:39)
    at org.apache.maven.lifecycle.internal.MojoExecutor.execute (MojoExecutor.java:159)
    at org.apache.maven.lifecycle.internal.LifecycleModuleBuilder.buildProject (LifecycleModuleBuilder.java:105)
    at org.apache.maven.lifecycle.internal.LifecycleModuleBuilder.buildProject (LifecycleModuleBuilder.java:73)
    at org.apache.maven.lifecycle.internal.builder.singlethreaded.SingleThreadedBuilder.build (SingleThreadedBuilder.java:53)
    at org.apache.maven.lifecycle.internal.LifecycleStarter.execute (LifecycleStarter.java:118)
    at org.apache.maven.DefaultMaven.doExecute (DefaultMaven.java:261)
    at org.apache.maven.DefaultMaven.doExecute (DefaultMaven.java:173)
    at org.apache.maven.DefaultMaven.execute (DefaultMaven.java:101)
    at org.apache.maven.cli.MavenCli.execute (MavenCli.java:919)
    at org.apache.maven.cli.MavenCli.doMain (MavenCli.java:285)
    at org.apache.maven.cli.MavenCli.main (MavenCli.java:207)
    at jdk.internal.reflect.DirectMethodHandleAccessor.invoke (DirectMethodHandleAccessor.java:103)
    at java.lang.reflect.Method.invoke (Method.java:580)
    at org.codehaus.plexus.classworlds.launcher.Launcher.launchEnhanced (Launcher.java:255)
    at org.codehaus.plexus.classworlds.launcher.Launcher.launch (Launcher.java:201)
    at org.codehaus.plexus.classworlds.launcher.Launcher.mainWithExitCode (Launcher.java:361)
    at org.codehaus.plexus.classworlds.launcher.Launcher.main (Launcher.java:314)
Caused by: org.apache.maven.plugin.MojoExecutionException: Fatal error compiling
    at org.apache.maven.plugin.compiler.AbstractCompilerMojo.executeReal (AbstractCompilerMojo.java:1238)
    at org.apache.maven.plugin.compiler.AbstractCompilerMojo.execute (AbstractCompilerMojo.java:708)
    at org.apache.maven.plugin.compiler.CompilerMojo.execute (CompilerMojo.java:235)
    at org.apache.maven.plugin.DefaultBuildPluginManager.executeMojo (DefaultBuildPluginManager.java:126)
    at org.apache.maven.lifecycle.internal.MojoExecutor.doExecute2 (MojoExecutor.java:328)
    at org.apache.maven.lifecycle.internal.MojoExecutor.doExecute (MojoExecutor.java:316)
    at org.apache.maven.lifecycle.internal.MojoExecutor.execute (MojoExecutor.java:212)
    at org.apache.maven.lifecycle.internal.MojoExecutor.execute (MojoExecutor.java:174)
    at org.apache.maven.lifecycle.internal.MojoExecutor.access$000 (MojoExecutor.java:75)
    at org.apache.maven.lifecycle.internal.MojoExecutor$1.run (MojoExecutor.java:162)
    at org.apache.maven.plugin.DefaultMojosExecutionStrategy.execute (DefaultMojosExecutionStrategy.java:39)
    at org.apache.maven.lifecycle.internal.MojoExecutor.execute (MojoExecutor.java:159)
    at org.apache.maven.lifecycle.internal.LifecycleModuleBuilder.buildProject (LifecycleModuleBuilder.java:105)
    at org.apache.maven.lifecycle.internal.LifecycleModuleBuilder.buildProject (LifecycleModuleBuilder.java:73)
    at org.apache.maven.lifecycle.internal.builder.singlethreaded.SingleThreadedBuilder.build (SingleThreadedBuilder.java:53)
    at org.apache.maven.lifecycle.internal.LifecycleStarter.execute (LifecycleStarter.java:118)
    at org.apache.maven.DefaultMaven.doExecute (DefaultMaven.java:261)
    at org.apache.maven.DefaultMaven.doExecute (DefaultMaven.java:173)
    at org.apache.maven.DefaultMaven.execute (DefaultMaven.java:101)
    at org.apache.maven.cli.MavenCli.execute (MavenCli.java:919)
    at org.apache.maven.cli.MavenCli.doMain (MavenCli.java:285)
    at org.apache.maven.cli.MavenCli.main (MavenCli.java:207)
    at jdk.internal.reflect.DirectMethodHandleAccessor.invoke (DirectMethodHandleAccessor.java:103)
    at java.lang.reflect.Method.invoke (Method.java:580)
    at org.codehaus.plexus.classworlds.launcher.Launcher.launchEnhanced (Launcher.java:255)
    at org.codehaus.plexus.classworlds.launcher.Launcher.launch (Launcher.java:201)
    at org.codehaus.plexus.classworlds.launcher.Launcher.mainWithExitCode (Launcher.java:361)
    at org.codehaus.plexus.classworlds.launcher.Launcher.main (Launcher.java:314)
Caused by: org.codehaus.plexus.compiler.CompilerException: error: release version 25 not supported
    at org.codehaus.plexus.compiler.javac.JavaxToolsCompiler.compileInProcess (JavaxToolsCompiler.java:179)
    at org.codehaus.plexus.compiler.javac.JavacCompiler.performCompile (JavacCompiler.java:214)
    at org.apache.maven.plugin.compiler.AbstractCompilerMojo.executeReal (AbstractCompilerMojo.java:1235)
    at org.apache.maven.plugin.compiler.AbstractCompilerMojo.execute (AbstractCompilerMojo.java:708)
    at org.apache.maven.plugin.compiler.CompilerMojo.execute (CompilerMojo.java:235)
    at org.apache.maven.plugin.DefaultBuildPluginManager.executeMojo (DefaultBuildPluginManager.java:126)
    at org.apache.maven.lifecycle.internal.MojoExecutor.doExecute2 (MojoExecutor.java:328)
    at org.apache.maven.lifecycle.internal.MojoExecutor.doExecute (MojoExecutor.java:316)
    at org.apache.maven.lifecycle.internal.MojoExecutor.execute (MojoExecutor.java:212)
    at org.apache.maven.lifecycle.internal.MojoExecutor.execute (MojoExecutor.java:174)
    at org.apache.maven.lifecycle.internal.MojoExecutor.access$000 (MojoExecutor.java:75)
    at org.apache.maven.lifecycle.internal.MojoExecutor$1.run (MojoExecutor.java:162)
    at org.apache.maven.plugin.DefaultMojosExecutionStrategy.execute (DefaultMojosExecutionStrategy.java:39)
    at org.apache.maven.lifecycle.internal.MojoExecutor.execute (MojoExecutor.java:159)
    at org.apache.maven.lifecycle.internal.LifecycleModuleBuilder.buildProject (LifecycleModuleBuilder.java:105)
    at org.apache.maven.lifecycle.internal.LifecycleModuleBuilder.buildProject (LifecycleModuleBuilder.java:73)
    at org.apache.maven.lifecycle.internal.builder.singlethreaded.SingleThreadedBuilder.build (SingleThreadedBuilder.java:53)
    at org.apache.maven.lifecycle.internal.LifecycleStarter.execute (LifecycleStarter.java:118)
    at org.apache.maven.DefaultMaven.doExecute (DefaultMaven.java:261)
    at org.apache.maven.DefaultMaven.doExecute (DefaultMaven.java:173)
    at org.apache.maven.DefaultMaven.execute (DefaultMaven.java:101)
    at org.apache.maven.cli.MavenCli.execute (MavenCli.java:919)
    at org.apache.maven.cli.MavenCli.doMain (MavenCli.java:285)
    at org.apache.maven.cli.MavenCli.main (MavenCli.java:207)
    at jdk.internal.reflect.DirectMethodHandleAccessor.invoke (DirectMethodHandleAccessor.java:103)
    at java.lang.reflect.Method.invoke (Method.java:580)
    at org.codehaus.plexus.classworlds.launcher.Launcher.launchEnhanced (Launcher.java:255)
    at org.codehaus.plexus.classworlds.launcher.Launcher.launch (Launcher.java:201)
    at org.codehaus.plexus.classworlds.launcher.Launcher.mainWithExitCode (Launcher.java:361)
    at org.codehaus.plexus.classworlds.launcher.Launcher.main (Launcher.java:314)
Caused by: java.lang.IllegalArgumentException: error: release version 25 not supported
    at com.sun.tools.javac.main.Arguments.reportDiag (Arguments.java:904)
    at com.sun.tools.javac.main.Arguments.handleReleaseOptions (Arguments.java:314)
    at com.sun.tools.javac.main.Arguments.processArgs (Arguments.java:353)
    at com.sun.tools.javac.main.Arguments.init (Arguments.java:249)
    at com.sun.tools.javac.api.JavacTool.getTask (JavacTool.java:191)
    at com.sun.tools.javac.api.JavacTool.getTask (JavacTool.java:119)
    at com.sun.tools.javac.api.JavacTool.getTask (JavacTool.java:68)
    at org.codehaus.plexus.compiler.javac.JavaxToolsCompiler.compileInProcess (JavaxToolsCompiler.java:125)
    at org.codehaus.plexus.compiler.javac.JavacCompiler.performCompile (JavacCompiler.java:214)
    at org.apache.maven.plugin.compiler.AbstractCompilerMojo.executeReal (AbstractCompilerMojo.java:1235)
    at org.apache.maven.plugin.compiler.AbstractCompilerMojo.execute (AbstractCompilerMojo.java:708)
    at org.apache.maven.plugin.compiler.CompilerMojo.execute (CompilerMojo.java:235)
    at org.apache.maven.plugin.DefaultBuildPluginManager.executeMojo (DefaultBuildPluginManager.java:126)
    at org.apache.maven.lifecycle.internal.MojoExecutor.doExecute2 (MojoExecutor.java:328)
    at org.apache.maven.lifecycle.internal.MojoExecutor.doExecute (MojoExecutor.java:316)
    at org.apache.maven.lifecycle.internal.MojoExecutor.execute (MojoExecutor.java:212)
    at org.apache.maven.lifecycle.internal.MojoExecutor.execute (MojoExecutor.java:174)
    at org.apache.maven.lifecycle.internal.MojoExecutor.access$000 (MojoExecutor.java:75)
    at org.apache.maven.lifecycle.internal.MojoExecutor$1.run (MojoExecutor.java:162)
    at org.apache.maven.plugin.DefaultMojosExecutionStrategy.execute (DefaultMojosExecutionStrategy.java:39)
    at org.apache.maven.lifecycle.internal.MojoExecutor.execute (MojoExecutor.java:159)
    at org.apache.maven.lifecycle.internal.LifecycleModuleBuilder.buildProject (LifecycleModuleBuilder.java:105)
    at org.apache.maven.lifecycle.internal.LifecycleModuleBuilder.buildProject (LifecycleModuleBuilder.java:73)
    at org.apache.maven.lifecycle.internal.builder.singlethreaded.SingleThreadedBuilder.build (SingleThreadedBuilder.java:53)
    at org.apache.maven.lifecycle.internal.LifecycleStarter.execute (LifecycleStarter.java:118)
    at org.apache.maven.DefaultMaven.doExecute (DefaultMaven.java:261)
    at org.apache.maven.DefaultMaven.doExecute (DefaultMaven.java:173)
    at org.apache.maven.DefaultMaven.execute (DefaultMaven.java:101)
    at org.apache.maven.cli.MavenCli.execute (MavenCli.java:919)
    at org.apache.maven.cli.MavenCli.doMain (MavenCli.java:285)
    at org.apache.maven.cli.MavenCli.main (MavenCli.java:207)
    at jdk.internal.reflect.DirectMethodHandleAccessor.invoke (DirectMethodHandleAccessor.java:103)
    at java.lang.reflect.Method.invoke (Method.java:580)
    at org.codehaus.plexus.classworlds.launcher.Launcher.launchEnhanced (Launcher.java:255)
    at org.codehaus.plexus.classworlds.launcher.Launcher.launch (Launcher.java:201)
    at org.codehaus.plexus.classworlds.launcher.Launcher.mainWithExitCode (Launcher.java:361)
    at org.codehaus.plexus.classworlds.launcher.Launcher.main (Launcher.java:314)
[ERROR] 
[ERROR] 
[ERROR] For more information about the errors and possible solutions, please read the following articles:
[ERROR] [Help 1] http://cwiki.apache.org/confluence/display/MAVEN/MojoExecutionException
[DEBUG] Shutting down adapter factory; available factories [file-lock, rwlock-local, semaphore-local, noop]; available name mappers [discriminating, file-gaecv, file-gav, file-hgaecv, file-hgav, file-static, gaecv, gav, static]
[DEBUG] Shutting down 'file-lock' factory
[DEBUG] Shutting down 'rwlock-local' factory
[DEBUG] Shutting down 'semaphore-local' factory
[DEBUG] Shutting down 'noop' factory
